date,weighted_avg_price,congSuatHT
2020-01-01,854.9011145043294,285995.3
2020-01-02,1217.1019659749784,591899.7
2020-01-03,1298.5788520722965,672915.2
2020-01-04,1342.2999999999997,654076.9
2020-01-05,1271.5186034537076,599274.8
2020-01-06,1334.1870752408345,664772.0
2020-01-07,1342.0285795721559,683272.3
2020-01-08,1335.3991552664493,696967.7
2020-01-09,1329.2791912771395,691186.1
2020-01-10,1342.3,692929.2
2020-01-11,1342.0016453472222,669287.3
2020-01-12,1313.224354283134,592207.7
2020-01-13,1341.5265422419486,656359.4
2020-01-14,1338.9101458270575,660577.0
2020-01-15,1342.2999999999997,661585.1
2020-01-16,1332.0334226950938,662307.9
2020-01-17,1340.409407451073,652091.3
2020-01-18,1282.6578067872847,617039.1
2020-01-19,1148.3457845917844,545904.9
2020-01-20,1078.0526288861377,579183.7
2020-01-21,1139.645843469086,503457.1
2020-01-22,738.276339521793,341517.4
2020-01-23,1040.427677355272,398577.1
2020-01-24,1094.2890087179655,419088.6
2020-01-25,1077.401364691094,286544.7
2020-01-26,1164.1811173506771,384321.6
2020-01-27,1232.819214439104,388785.9
2020-01-28,1066.0031940359459,361928.3
2020-01-29,883.5405888132748,364453.4
2020-01-30,985.8931022555761,464723.8
2020-01-31,1027.2665773436952,479294.4
2020-02-01,972.3528785346339,484678.9
2020-02-02,1041.6249302367503,477085.0
2020-02-03,1024.9951952593112,551548.6
2020-02-04,1313.0758746957308,631431.0
2020-02-05,1241.9287907030216,635849.6
2020-02-06,1332.7695664940677,642973.9
2020-02-07,1300.0021564340398,644256.2
2020-02-08,1340.3244642509449,627089.3
2020-02-09,1290.3157617844195,565450.0
2020-02-10,1282.500836759403,632916.7
2020-02-11,1342.3000000000002,665870.9
2020-02-12,1340.977121520038,676983.0
2020-02-13,1322.8941507829775,683353.0
2020-02-14,1334.4342085702644,683708.2
2020-02-15,1288.4669955823708,663002.7
2020-02-16,1024.5187635896123,544312.8
2020-02-17,1229.0989972238096,656583.2
2020-02-18,1339.3472730400547,670812.2
2020-02-19,1228.447185393107,668698.0
2020-02-20,1244.8590538603576,674362.4
2020-02-21,1342.3,680983.0
2020-02-22,1342.3,646051.8
2020-02-23,1216.3901320641853,583950.9
2020-02-24,1283.9183095754731,650500.5
2020-02-25,1342.3,674592.3
2020-02-26,1340.7729156665316,686074.0
2020-02-27,1342.3000000000002,687888.7
2020-02-28,1339.135502726162,687651.7
2020-02-29,1312.782613167098,665498.2
2020-03-01,1184.8965908247237,581440.8
2020-03-02,1261.85294048027,676106.9
2020-03-03,1330.7785062816208,696436.5
2020-03-04,1236.8648515554853,682275.8
2020-03-05,1329.4001695542704,679560.0
2020-03-06,1341.4866206954803,686662.0
2020-03-07,1342.3,686547.1
2020-03-08,1329.0730132009708,618522.7
2020-03-09,1342.3,702281.7
2020-03-10,1342.3000000000002,725002.6
2020-03-11,1342.13991076668,725402.8
2020-03-12,1341.0584319326038,719030.0
2020-03-13,1331.166350986866,719266.8
2020-03-14,1331.5981777480108,690102.8
2020-03-15,1153.1595940758998,568714.2
2020-03-16,1295.6198499372406,690173.9
2020-03-17,1342.3,705687.3
2020-03-18,1341.7022736324673,700180.8
2020-03-19,1342.0124797325088,706774.7
2020-03-20,1338.9482476920266,698675.7
2020-03-21,1320.569531476226,687075.7
2020-03-22,1185.9121083230305,561660.8
2020-03-23,1245.2179809251438,686500.6
2020-03-24,1342.2999999999997,700209.6
2020-03-25,1342.2958896774132,699548.5
2020-03-26,1342.2954770272001,697191.9
2020-03-27,1337.7656512584483,700000.9
2020-03-28,1341.6224293517155,678834.6
2020-03-29,1217.2853761544375,452092.5
2020-03-30,1241.3566590543733,666724.2
2020-03-31,1302.3383343439293,677817.9
2020-04-01,1221.7950743074618,671811.4
2020-04-02,878.1625854313338,112936.9
2020-04-03,1201.2906161485798,489773.1
2020-04-04,944.7466682053534,622413.9
2020-04-05,982.897881490304,550760.0
2020-04-06,1184.0150558852163,636091.3
2020-04-07,1100.4544037399164,646538.5
2020-04-08,1194.6145714042325,645643.8
2020-04-09,1178.5819104509114,636743.5
2020-04-10,1036.3057265841376,645720.4
2020-04-11,977.330128732305,621871.1
2020-04-12,758.2365041173704,369981.3
2020-04-13,720.4775005765191,541872.8
2020-04-14,774.797858893108,565421.0
2020-04-15,890.5929729494156,628596.4
2020-04-16,932.2186607331855,637287.5
2020-04-17,1108.6662961380084,646899.4
2020-04-18,966.690503335961,623223.7
2020-04-19,970.3926318966953,537665.1
2020-04-20,1132.378169637599,656297.9
2020-04-21,1274.842024323295,681988.2
2020-04-22,1214.205803053769,676220.1
2020-04-23,949.5670563470833,659498.2
2020-04-24,876.0711018085523,545165.4
2020-04-25,699.450138520281,384939.3
2020-04-26,627.3757152282724,294229.7
2020-04-27,718.4758575841931,438053.2
2020-04-28,650.0491232493875,608258.6
2020-04-29,693.2221387006571,641702.8
2020-04-30,665.4640072207081,283545.6
2020-05-01,629.9047057731298,253663.1
2020-05-02,870.6991397589293,349316.5
2020-05-03,963.2276671316517,559659.4
2020-05-04,1223.479268445185,675528.6
2020-05-05,1228.8573990117964,720559.9
2020-05-06,1180.1388261618551,730553.7
2020-05-07,1286.0997515541437,746423.8
2020-05-08,1191.8418446550154,743692.5
2020-05-09,1149.933684828093,702127.2999999999
2020-05-10,1114.9268441428753,656028.4
2020-05-11,1259.0371948098832,735174.2
2020-05-12,1253.3977390646735,728590.5
2020-05-13,1333.0935585749487,733966.5
2020-05-14,1305.457058658097,735008.5
2020-05-15,1304.926709416352,741434.7
2020-05-16,1319.622348142257,711670.0
2020-05-17,1001.4015195179246,645550.2
2020-05-18,1238.384679132556,718330.9
2020-05-19,1292.5694346950759,740392.1
2020-05-20,1299.582492048425,754624.1
2020-05-21,1331.0126154489528,794131.5
2020-05-22,1342.2854022430874,799977.7
2020-05-23,1304.003219369004,723849.3
2020-05-24,1054.081249459081,641546.9
2020-05-25,1306.7046800139403,733987.6
2020-05-26,1312.615633979738,740139.9
2020-05-27,1126.6290304969882,716995.4
2020-05-28,1054.5833682511147,708680.0
2020-05-29,874.099104671877,714817.6
2020-05-30,809.5355514840218,691920.5
2020-05-31,920.4344486287313,536948.0
2020-06-01,1234.0579860157331,725286.5
2020-06-02,1285.7194148937147,740516.4
2020-06-03,1326.1565799437376,754819.6
2020-06-04,1331.1894081504654,763247.2
2020-06-05,1342.2999999999997,758918.0
2020-06-06,1293.9053221981092,725008.6
2020-06-07,1274.8040632442141,689544.5
2020-06-08,1334.7309028314874,792456.3
2020-06-09,1342.3,807066.5
2020-06-10,1315.9011537236672,769817.7000000001
2020-06-11,1326.2913838622883,731952.6
2020-06-12,1238.360648143994,741358.1
2020-06-13,966.3577490028064,708388.0
2020-06-14,735.3228208379966,602663.5
2020-06-15,720.9953772458163,612082.6
2020-06-16,757.6666472735488,705936.0
2020-06-17,780.1086322648613,685340.0
2020-06-18,1004.1607234692775,742299.8
2020-06-19,905.6743902961114,757784.9
2020-06-20,839.4502021619079,705358.4
2020-06-21,901.4124470562283,670933.5
2020-06-22,991.5315630280423,778867.6
2020-06-23,980.3482487374964,796017.5
2020-06-24,906.2971496503488,798009.5
2020-06-25,857.486758648004,539190.9
2020-06-26,726.8014979838717,274858.5
2020-06-27,813.382962103527,264945.5
2020-06-28,854.6752011529092,145995.9
2020-06-29,931.1837151227747,456393.1
2020-06-30,769.5675973318897,739572.1
2020-07-01,820.1865870269776,555235.3
2020-07-02,867.0102521876427,728603.9
2020-07-03,938.397461427184,724384.5
2020-07-04,743.0768324313333,660458.2
2020-07-05,675.3704436566569,427314.9
2020-07-06,895.0537842788623,599877.7
2020-07-07,994.5874648746919,766309.3
2020-07-08,1041.3093930372959,781854.3
2020-07-09,1096.1104207087205,797360.7
2020-07-10,1268.0376478434412,806215.0
2020-07-11,919.449029153385,727668.5
2020-07-12,657.528805751069,355161.8
2020-07-13,958.8145893037545,595595.9
2020-07-14,1001.6131984507398,784064.6
2020-07-15,1075.2867324547105,785259.2
2020-07-16,1111.2628339725195,801436.0
2020-07-17,864.0464044677044,795643.5
2020-07-18,925.9640402696202,774971.3
2020-07-19,811.0332045228612,684128.9
2020-07-20,1039.1547193979748,764632.4
2020-07-21,916.5112611354176,757382.9
2020-07-22,903.0341222827017,765401.8
2020-07-23,971.7110121525288,783795.7
2020-07-24,963.4493281140824,767824.1
2020-07-25,783.8464422852331,749908.6
2020-07-26,760.8860567051775,684225.0
2020-07-27,752.4614187655466,731155.9
2020-07-28,795.5940559655761,758959.4
2020-07-29,816.1499102415805,753852.4
2020-07-30,929.184710983839,773932.5
2020-07-31,904.3116356067902,749281.8
2020-08-01,546.7043648384008,593560.6
2020-08-02,523.8,24776.0
2020-08-03,605.6506068921204,264264.1
2020-08-04,621.156034841061,358703.2
2020-08-05,611.1749765612117,540271.1
2020-08-06,656.9435740524767,674294.8
2020-08-07,745.2946958730358,685043.5
2020-08-08,812.9261296088489,683147.8
2020-08-09,764.8157036674357,615683.6
2020-08-10,923.489500738027,601468.4
2020-08-11,837.2096203710125,712331.8
2020-08-12,783.9502773539225,751331.0
2020-08-13,683.9183007280374,716611.6
2020-08-14,492.96694912245107,482092.8
2020-08-15,547.8779612742104,580682.8
2020-08-16,580.9184323276675,479039.2
2020-08-17,635.2436067031772,647573.5
2020-08-18,671.5280031886078,675373.1
2020-08-19,618.5812255424096,638217.0
2020-08-20,629.8255341277351,676089.4
2020-08-21,659.6044991141256,648568.3
2020-08-22,581.1404431105091,664425.0
2020-08-23,583.8005914066665,419150.5
2020-08-24,720.0002346196981,563168.4
2020-08-25,662.6357041596568,600402.9
2020-08-26,930.1719461510603,788353.5
2020-08-27,869.9808886804856,731540.2
2020-08-28,873.8823140959856,729854.6
2020-08-29,913.0845804854806,776368.6
2020-08-30,651.2698444053326,617034.0
2020-08-31,852.7443851233263,751949.0
2020-09-01,713.7779124905929,1460055.6
2020-09-02,768.3063436147767,738570.1
2020-09-03,986.3362904092469,1476412.7
2020-09-04,1272.0715332253312,1593547.7
2020-09-05,1218.7535320513357,1552369.0
2020-09-06,1151.7027182887866,1425662.1
2020-09-07,1152.128062071992,1436275.8
2020-09-08,1194.0952874147636,1483902.2
2020-09-09,1068.199189094722,1444695.0
2020-09-10,1000.7790854496759,1500462.1
2020-09-11,1167.980830655178,1516261.3
2020-09-12,897.3539005503177,1475184.2
2020-09-13,897.9300193621397,1325478.5
2020-09-14,777.8088158546539,1122314.0
2020-09-15,938.3831581540327,1473746.8
2020-09-16,1138.0014457667357,1538734.6
2020-09-17,1152.1306096975677,1535172.6
2020-09-18,770.3574082303462,1291739.1
2020-09-19,768.4237228420403,1112476.8
2020-09-20,585.139114077427,533823.4
2020-09-21,916.9895258733696,1149372.9
2020-09-22,862.7502945531493,1395683.6
2020-09-23,847.3207353936524,1382193.6
2020-09-24,896.7467717831863,1351638.8
2020-09-25,808.0292554204901,1243199.4
2020-09-26,724.9046249914453,1332593.6
2020-09-27,719.3460805785868,746771.6
2020-09-28,773.1605629443259,641575.7
2020-09-29,851.4530153620209,1207237.0
2020-09-30,800.5122213009149,899290.0
2020-10-01,667.099020322559,793566.4
2020-10-02,641.4594870630764,856405.3
2020-10-03,760.9439639027711,1226105.2
2020-10-04,761.165842372269,873882.4
2020-10-05,863.4513334127279,1248617.3
2020-10-06,782.4599610108935,1025955.8
2020-10-07,703.2721326617971,734713.4
2020-10-08,692.7385477013631,671195.7
2020-10-09,696.3131961359882,672378.9
2020-10-10,698.9972460143409,406513.7
2020-10-11,866.4196942347013,114346.2
2020-10-12,924.9050447132937,395124.1
2020-10-13,780.8078067382049,408200.7
2020-10-14,787.2626448054261,504125.1
2020-10-15,777.1353162291541,540296.8
2020-10-16,764.3645686394414,774783.4
2020-10-17,797.0021799662177,736947.2
2020-10-18,776.4908852234264,459520.6
2020-10-19,932.8578117811944,648862.9
2020-10-20,856.5655323662605,905778.1
2020-10-21,901.9660460746061,939871.3
2020-10-22,1088.6002598405917,663252.8
2020-10-23,1228.1223270967994,656053.5
2020-10-24,1126.0822616862922,789343.6
2020-10-25,773.2431558845655,422587.7
2020-10-26,1002.9395587139128,587126.6
2020-10-27,565.9837683884195,535717.6
2020-10-28,885.1020632935208,671319.9
2020-10-29,784.5783396501968,245955.4
2020-10-30,915.3461795606254,596042.7
2020-10-31,786.9512313537996,748336.1
2020-11-01,713.0447841921462,390610.9
2020-11-02,743.8258717894871,477606.7
2020-11-03,647.1672785283504,535605.8
2020-11-04,862.6531929972017,649140.5
2020-11-05,821.9908605939138,753752.6
2020-11-06,750.2512810056653,1270363.0
2020-11-07,876.4750866262639,1318258.4
2020-11-08,661.2393350006517,1078538.2
2020-11-09,1038.3698064647167,1313332.1
2020-11-10,1133.2832457946772,1334945.1
2020-11-11,910.2629623804987,1307840.3
2020-11-12,956.120840855777,1355058.3
2020-11-13,936.7739687135349,1278636.0
2020-11-14,949.6314193370151,1245208.7
2020-11-15,1089.6363419762683,1169753.1
2020-11-16,1022.512508032525,1290870.5
2020-11-17,1160.2341043380238,1389300.8
2020-11-18,1204.6292925934245,1413480.5
2020-11-19,1060.2155377095594,1402136.5
2020-11-20,872.2372282875228,1426812.1
2020-11-21,993.6525674645586,1380383.3
2020-11-22,905.1524421254545,1073767.4
2020-11-23,988.6394472011169,1259884.6
2020-11-24,1006.7542707251185,1386497.5
2020-11-25,891.5145254912463,1414550.3
2020-11-26,931.6885229545883,1410532.8
2020-11-27,874.8688424169183,1400012.6
2020-11-28,779.177580825662,1320056.0
2020-11-29,910.2185887792025,1045202.0
2020-11-30,830.7382390800686,1055405.0
2020-12-01,966.9287345359118,1316870.4
2020-12-02,967.3650584766619,1370281.7
2020-12-03,939.9649786063521,1326725.6
2020-12-04,939.2801114730861,1119751.9
2020-12-05,939.9123421584627,1251494.4
2020-12-06,859.3172119293951,910857.6
2020-12-07,904.8245017027747,974967.5
2020-12-08,865.3281919334659,1353664.4
2020-12-09,881.9910587808249,1324562.9
2020-12-10,1008.3951036136601,1336553.5
2020-12-11,1054.7884379344039,1374756.8
2020-12-12,992.1879233970441,1333316.7
2020-12-13,993.6585170405575,1115829.1
2020-12-14,924.2672197491875,1330699.8
2020-12-15,828.7449134920535,1241825.8
2020-12-16,998.4277568508633,1312316.4
2020-12-17,929.5729131686714,1380681.4
2020-12-18,875.0729985765133,1329411.6
2020-12-19,754.4342175434416,1215091.1
2020-12-20,921.8138167567772,724833.9
2020-12-21,933.0456967373066,557134.8
2020-12-22,830.2044505762499,720338.9
2020-12-23,866.3926066982352,871728.1
2020-12-24,936.8574878004919,1276756.4
2020-12-25,894.4732905938382,1290952.7
2020-12-26,1048.719253436382,1275156.7
2020-12-27,1111.122479993024,1180040.9
2020-12-28,1012.1885438282558,1321932.6
2020-12-29,1106.955328627432,1351600.8
2020-12-30,891.2240500692184,1155186.8
2020-12-31,956.5791831457384,1146425.8
2021-01-01,856.2442951020257,810663.7
2021-01-02,1077.6865987444419,805904.6
2021-01-03,1175.3406876055094,1184132.6
2021-01-04,1229.6553298593537,1354047.4
2021-01-05,1222.4732701387888,1377138.4
2021-01-06,1175.4001809567794,1425139.2
2021-01-07,1166.5959459646674,1451559.5
2021-01-08,1204.2512172004876,1452955.3
2021-01-09,1139.8601367330486,1415738.2
2021-01-10,1013.1414241366977,1236982.8
2021-01-11,953.7772678917688,1338538.7
2021-01-12,999.6380944774215,1406178.3
2021-01-13,1017.4581182294241,1316577.5
2021-01-14,957.1138551917071,1401517.8
2021-01-15,1276.524106538307,1396096.9
2021-01-16,1244.0747689932273,1371741.6
2021-01-17,1152.7217190969525,1254414.3
2021-01-18,942.8409818945219,1260485.9
2021-01-19,1047.387894986637,1384523.8
2021-01-20,984.5408666996832,1376897.7
2021-01-21,1021.7358922934777,1417710.8
2021-01-22,1037.6140187390563,1425370.6
2021-01-23,884.5798521007213,1255499.7
2021-01-24,936.9332146948583,1066721.4
2021-01-25,1000.8045178757293,1160411.4
2021-01-26,1131.5789066900613,1245295.0
2021-01-27,1042.444222151986,1371561.0
2021-01-28,894.1794914054078,1195181.8
2021-01-29,774.791434821512,1306583.7
2021-01-30,907.2674218742545,1096180.9
2021-01-31,851.9996700490988,1165019.7
2021-02-01,783.456564817164,1135930.6
2021-02-02,960.8696091860959,1368476.9
2021-02-03,995.5930662177074,1367548.1
2021-02-04,969.0821890363861,1362344.6
2021-02-05,894.8296234265028,1280698.2
2021-02-06,825.3140247090809,1149925.4
2021-02-07,971.1439933432799,1090071.4
2021-02-08,914.9664680695702,942079.4
2021-02-09,890.761638708355,652448.8
2021-02-10,947.2299378904574,673712.9
2021-02-11,1193.8089245722988,780591.2
2021-02-12,1057.594727600525,752432.8
2021-02-13,1165.2817567994678,615511.4
2021-02-14,1127.5319361656475,784378.6
2021-02-15,1014.9540984329295,698392.3
2021-02-16,1229.770114092008,800106.0
2021-02-17,1379.928067036009,1034703.6
2021-02-18,1401.1644049815097,1116854.2
2021-02-19,1360.119256409143,1172048.3
2021-02-20,1315.2793046373483,1162077.8
2021-02-21,1189.3592501663218,1137404.9
2021-02-22,1306.1498427395607,1261038.7
2021-02-23,1265.6354097321391,1291644.1
2021-02-24,1316.8985201046066,1323552.4
2021-02-25,1325.7016807596247,1375500.2
2021-02-26,1377.0574750474827,1394087.8
2021-02-27,1280.4545351131026,1370458.5
2021-02-28,1124.5412102721139,1224057.7
2021-03-01,1183.312796579788,1289300.1
2021-03-02,1277.192263443704,1451538.2
2021-03-03,1296.3633439068558,1442367.0
2021-03-04,1248.655806357961,1324710.8
2021-03-05,1310.1205398560046,1451573.0
2021-03-06,1335.9875560478908,1431499.9
2021-03-07,1271.486261571323,1301495.5
2021-03-08,1370.1796495301426,1431338.5
2021-03-09,1380.3761564868157,1481744.0
2021-03-10,1385.6632194533536,1483072.8
2021-03-11,1333.0386118191968,1484063.6
2021-03-12,1296.9160447690986,1497224.7
2021-03-13,1368.3568684225436,1456195.5
2021-03-14,1201.849977263737,1297337.2
2021-03-15,1150.1362460739135,1399396.2
2021-03-16,1355.8329036455045,1484776.6
2021-03-17,1299.7032022758526,1494121.5
2021-03-18,1364.3154082891892,1508347.8
2021-03-19,1407.707298503,1521723.4
2021-03-20,1418.8592097761616,1505304.5
2021-03-21,1364.9490464118842,1337291.1
2021-03-22,1251.1802838382407,1422125.5
2021-03-23,1322.199177682722,1476206.0
2021-03-24,1426.365172044004,1489349.2
2021-03-25,1487.7637654109549,1530197.2
2021-03-26,1493.0260569447776,1522446.9
2021-03-27,1365.6240138125036,1488180.6
2021-03-28,1366.1405182585415,1354722.1
2021-03-29,1378.5880642100867,1511049.2
2021-03-30,1390.1528958659778,1576585.6
2021-03-31,1471.5577106806497,1562892.7
2021-04-01,1475.3496973000438,1570618.0
2021-04-02,1495.240628471326,1591369.5
2021-04-03,1410.164984753758,1514497.8
2021-04-04,1222.9238462924475,1222986.1
2021-04-05,1166.3805979188592,1348097.3
2021-04-06,1339.7000460204997,1466083.6
2021-04-07,1249.3948968045556,1520871.4
2021-04-08,1185.978427818176,1561228.9
2021-04-09,1214.0844116280002,1395958.0
2021-04-10,1083.6944255880858,1479869.2
2021-04-11,1011.9807429460731,1223687.2
2021-04-12,1127.7316590104822,1454649.7
2021-04-13,1435.3951405963337,1554108.8
2021-04-14,1441.3915784551095,1581654.8
2021-04-15,1294.7124154886853,1548022.9
2021-04-16,1455.3664892125273,1555906.6
2021-04-17,1235.711412928908,1465856.2
2021-04-18,994.2189592510368,1255933.8
2021-04-19,1097.8675445886468,1438873.0
2021-04-20,1151.993876496538,1542025.6
2021-04-21,1037.1946740633068,1233456.4
2021-04-22,1168.975057620779,1519644.5
2021-04-23,1184.6431386412335,1539583.1
2021-04-24,1120.8354475774092,1413858.0
2021-04-25,1240.8255058206457,1388608.8
2021-04-26,1065.800863582146,1267449.2
2021-04-27,1030.8238067750265,1302876.1
2021-04-28,1078.7936051969425,1371156.3
2021-04-29,769.0054388107084,1023883.4
2021-04-30,829.0561318629702,560972.5
2021-05-01,953.1345634389417,724585.7
2021-05-02,1182.1453408098616,826644.8
2021-05-03,1390.0892835359086,1443059.9
2021-05-04,1377.9432738511882,1597337.6
2021-05-05,1003.9578200149984,1280016.1
2021-05-06,1022.9629959153477,1179733.2
2021-05-07,1105.5786019972898,1363437.7
2021-05-08,1047.4878814778667,1521013.8
2021-05-09,1039.9752663072222,1197218.0
2021-05-10,1187.2323972777506,1616244.3
2021-05-11,1154.334622060602,1662138.7
2021-05-12,1053.1117556260824,1645043.4
2021-05-13,967.066126312532,1659645.3
2021-05-14,840.9881444151493,1580050.3
2021-05-15,906.3767086844041,1386354.2
2021-05-16,864.1158396497067,1345033.4
2021-05-17,1205.2973787097699,1583086.7
2021-05-18,1255.2246761425022,1647344.6
2021-05-19,1056.5041554043244,1620963.9
2021-05-20,1079.6517190777388,1663320.3
2021-05-21,1080.2027966404617,1548831.7
2021-05-22,1061.0145828826244,1602364.8
2021-05-23,897.8055234980092,1405727.6
2021-05-24,822.6045085728268,1441012.5
2021-05-25,786.7386779066236,1263958.0
2021-05-26,743.9703819194513,1055977.9
2021-05-27,822.18125714642,1516416.6
2021-05-28,837.9186549626639,1576212.9
2021-05-29,976.1178259808548,1592852.9
2021-05-30,1073.6704743965765,1469491.0
2021-05-31,1219.8662380139501,1651864.1
2021-06-01,1465.717969271353,1782112.3
2021-06-02,1462.3679070804878,1759142.9
2021-06-03,1453.576325715539,1762098.0
2021-06-04,1350.5074448296969,1671805.2
2021-06-05,1051.3373760113782,1544068.7
2021-06-06,1005.3765770809432,1362813.5
2021-06-07,954.4810219689543,1513749.8
2021-06-08,842.8293023117842,1514116.3
2021-06-09,833.3857620285338,1464675.6
2021-06-10,829.4319141626664,1390188.8
2021-06-11,803.3968890504431,1309572.6
2021-06-12,637.007402980032,1009593.2
2021-06-13,780.471801589516,281695.8
2021-06-14,929.7806980973996,1068374.7
2021-06-15,1034.4359358172376,1526025.0
2021-06-16,1119.8188950692054,1629114.7
2021-06-17,1137.0427454004234,1697841.0
2021-06-18,1405.2213678475975,1727671.2
2021-06-19,1492.320374752802,1721646.9
2021-06-20,1478.750727973585,1535728.8
2021-06-21,1475.4980127008496,1723585.5
2021-06-22,1445.0079975998517,1739225.8
2021-06-23,1186.0734955511978,1597621.0
2021-06-24,1253.3101705507293,1542972.0
2021-06-25,1117.3600365143266,1542430.2
2021-06-26,1040.1322575708539,1496786.2
2021-06-27,1146.5706636281247,1358491.4
2021-06-28,1277.7420230643136,1690009.1
2021-06-29,1374.3472632554108,1717613.7
2021-06-30,955.7036749289291,1648426.6
2021-07-01,1010.5155747322738,1489467.6
2021-07-02,1152.7777291845437,1628061.8
2021-07-03,1207.2786050839018,1672007.3
2021-07-04,1003.8218019654453,1422252.8
2021-07-05,1032.7348713507613,1656986.1
2021-07-06,960.2044583831448,1488618.0
2021-07-07,812.8207966766432,1477909.4
2021-07-08,783.9474069333936,997329.8
2021-07-09,978.599280625924,1036061.8
2021-07-10,1064.201556905766,938512.1
2021-07-11,1050.7738751057977,760060.9
2021-07-12,922.4074549196035,1328711.7
2021-07-13,944.6458428993577,1614225.1
2021-07-14,951.8351793344953,1569049.5
2021-07-15,914.5229296833961,1450870.7
2021-07-16,987.395861326133,1526937.3
2021-07-17,1140.8282507104925,1547307.4
2021-07-18,854.5825796090638,1136943.4
2021-07-19,844.675549532938,949199.7
2021-07-20,814.8276937290002,1010401.9
2021-07-21,904.4201189170292,915315.5
2021-07-22,718.8420537413427,462113.5
2021-07-23,781.4697420680642,292312.0
2021-07-24,740.5660523616943,236338.8
2021-07-25,1018.3567528111117,455193.6
2021-07-26,887.4641411268194,742875.1
2021-07-27,915.0257288697165,781612.8
2021-07-28,801.1471928726188,761828.2
2021-07-29,692.6586538929316,315402.4
2021-07-30,722.2148500033132,336538.1
2021-07-31,1025.8926626537034,602588.8
2021-08-01,867.1287370642888,691249.2
2021-08-02,845.0086965226056,550901.0
2021-08-03,1230.8742260761112,542021.0
2021-08-04,1037.4671712769687,1356194.6
2021-08-05,1147.5601518449407,1383049.7
2021-08-06,1380.6912279939993,1576059.9
2021-08-07,1312.8542094614986,1578185.5
2021-08-08,1178.3624441790223,1063881.4
2021-08-09,1177.6641009922885,1330228.3
2021-08-10,816.1544075381297,864031.3
2021-08-11,819.4435570357052,293881.7
2021-08-12,889.4638754850041,264714.3
2021-08-13,834.8804264062217,179692.5
2021-08-14,831.5264487462771,288783.9
2021-08-15,821.1312603749574,400440.2
2021-08-16,715.9309420613876,595236.9
2021-08-17,679.0439333515176,214103.9
2021-08-18,805.4339349625487,308533.0
2021-08-19,846.832136236591,700824.2
2021-08-20,775.75582195895,551250.4
2021-08-21,1077.7786426211567,747167.9
2021-08-22,1109.8832914045247,1325713.8
2021-08-23,1057.6082646877537,1390214.3
2021-08-24,972.5224540176364,1176558.7
2021-08-25,955.7059768236505,1097226.3
2021-08-26,868.8067665833536,1314280.3
2021-08-27,919.2034714212233,677334.8
2021-08-28,749.100890098187,716825.3
2021-08-29,818.1926163054175,382409.1
2021-08-30,841.0806012211084,884278.5
2021-08-31,860.1943105000043,724314.0
2021-09-01,764.7085246391323,895695.1
2021-09-02,929.953278165187,331203.2
2021-09-03,917.4780111830975,931056.9
2021-09-04,993.8600730435984,1135315.1
2021-09-05,976.2938655318065,713344.9
2021-09-06,831.7204753791672,629940.1
2021-09-07,841.2593943865038,1010699.9
2021-09-08,1010.1877339449542,174727.0
2021-09-09,924.5612974308485,257174.4
2021-09-10,998.9975211077367,505961.4
2021-09-11,1004.990994756933,773039.9
2021-09-12,1382.6306779905133,811644.1
2021-09-13,1428.9042893563008,1357490.4
2021-09-14,1319.5836019048606,1264008.4
2021-09-15,1148.0274072207924,1250663.3
2021-09-16,1350.5992374010384,1282050.0
2021-09-17,1252.4264035803367,1326121.1
2021-09-18,1183.6248588905876,1315779.7
2021-09-19,1332.4767368721452,1242552.6
2021-09-20,1331.6995287427285,1290653.4
2021-09-21,1298.2051685828171,1286520.2
2021-09-22,1376.607620737161,1341978.3
2021-09-23,1334.401301098389,1226914.9
2021-09-24,1284.4904484901303,998715.4
2021-09-25,983.9201792295802,767142.9
2021-09-26,1071.277597850267,336246.4
2021-09-27,1109.0096221924593,1014175.1
2021-09-28,1378.3821416531864,1086596.1
2021-09-29,1336.0476789065444,1419818.1
2021-09-30,1306.8160701849781,1436528.2
2021-10-01,1245.0123794848798,1392584.6
2021-10-02,1235.796042017339,1327747.1
2021-10-03,1098.7777446823459,970724.1
2021-10-04,1398.1491114187663,1188343.8
2021-10-05,1343.266614671104,1378771.5
2021-10-06,1343.2291710402228,1381122.5
2021-10-07,1422.5492604013173,1376138.2
2021-10-08,1455.5762729330042,1407218.6
2021-10-09,1353.3688367299026,1356226.3
2021-10-10,1139.416487986661,1057599.4
2021-10-11,1157.5474287980849,656627.0
2021-10-12,1127.1180991675349,595664.7
2021-10-13,1169.5863688991735,360754.4
2021-10-14,1116.0874314278128,689383.0
2021-10-15,1195.0725244432138,669157.1
2021-10-16,1184.1512089948283,492294.0
2021-10-17,1307.6034563094238,408180.7
2021-10-18,1190.4336124126694,838396.6
2021-10-19,1184.1092614127306,978523.5
2021-10-20,1136.1534380546884,1095806.1
2021-10-21,1055.351834859439,1122300.9
2021-10-22,1129.5582143995373,646052.7
2021-10-23,1220.1848657157443,723893.5
2021-10-24,1216.9129440470551,339465.6
2021-10-25,1191.980733203662,888503.2
2021-10-26,1187.3613988825498,1050785.0
2021-10-27,1171.7855146496222,1062136.6
2021-10-28,1113.4523927794937,1340825.6
2021-10-29,1212.769200009953,809807.2
2021-10-30,1045.8705299021908,1118546.8
2021-10-31,1075.5737607687831,531301.9
2021-11-01,1072.1009961895697,396149.5
2021-11-02,1058.456707437754,610196.3
2021-11-03,1227.565190257113,318369.7
2021-11-04,1044.483958772752,933913.9
2021-11-05,1079.8977195606456,913176.4
2021-11-06,1083.2474486886372,1120372.7
2021-11-07,1003.9348793396275,1292452.5
2021-11-08,1166.3852028344286,1108773.8
2021-11-09,1216.8827734993133,1409423.1
2021-11-10,1146.648932605209,1339716.3
2021-11-11,1021.377401143838,1317564.3
2021-11-12,1119.5520700294992,1272302.4
2021-11-13,1029.4477282373543,979888.9
2021-11-14,1130.8307117130569,760747.6
2021-11-15,1146.7751441609757,735644.3
2021-11-16,1047.293274085047,774302.0
2021-11-17,1143.3226850177991,340464.0
2021-11-18,1075.3107936686906,612675.8
2021-11-19,1065.354525736896,573598.7
2021-11-20,1089.7362710162308,527036.7
2021-11-21,1027.802594971993,725034.8
2021-11-22,1111.812898603237,1080756.4
2021-11-23,1050.7697633346477,1276895.4
2021-11-24,980.8913635238799,1141500.8
2021-11-25,1126.0564778740197,700585.9
2021-11-26,1121.2166400504339,1043744.0
2021-11-27,1056.9018565626418,440526.1
2021-11-28,1003.5900342923682,224656.4
2021-11-29,1020.2601555949217,757905.2
2021-11-30,1038.3790709959105,678905.3
2021-12-01,966.377577840803,234438.1
2021-12-02,1011.1871676554998,444850.9
2021-12-03,1164.302296789528,1195073.5
2021-12-04,967.263371706923,890087.0
2021-12-05,1083.3329980525666,712835.7
2021-12-06,968.5758552185566,475824.1
2021-12-07,1069.3546715658845,1186257.4
2021-12-08,1056.26443713156,1310610.7
2021-12-09,1124.6721332462414,1393701.6
2021-12-10,983.5255261195757,1233561.4
2021-12-11,1035.8242179092942,1035658.9
2021-12-12,1050.152548057883,848718.2
2021-12-13,1049.8901306375542,855772.3
2021-12-14,1113.3702765429364,1185343.6
2021-12-15,1086.4747889777807,1188018.5
2021-12-16,1169.7115207676304,1433726.4
2021-12-17,1126.8770166804961,1468475.5
2021-12-18,1133.408239657861,1016114.8
2021-12-19,981.9794941720286,773553.9
2021-12-20,1149.6259278876687,956611.7
2021-12-21,1293.0821383870448,1399521.9
2021-12-22,1236.8622511377903,1413331.3
2021-12-23,1290.7069959533867,1412539.4
2021-12-24,1281.5350629718819,1256286.1
2021-12-25,1234.4484641984686,1229042.4
2021-12-26,1205.9689005089476,964126.9
2021-12-27,1322.2921474967884,1297223.5
2021-12-28,1009.320344407295,1035579.4
2021-12-29,1078.242234163804,988210.8
2021-12-30,1039.0721067495138,1223150.3
2021-12-31,1010.5923140350917,393978.9
2022-01-01,1218.840033534623,503718.2
2022-01-02,1173.816568205193,672830.0
2022-01-03,1485.7946788787592,1061398.8
2022-01-04,1367.1107241926577,1382982.4
2022-01-05,1053.6405955972864,1384459.8
2022-01-06,1241.4120939843372,1473091.2
2022-01-07,1375.0225610934872,1463797.6
2022-01-08,1239.789931781939,1395450.1
2022-01-09,1306.3523132321434,1320779.2
2022-01-10,1179.1729704306836,1301849.5
2022-01-11,1154.6444715092878,1461576.3
2022-01-12,1084.2473486679776,1336944.4
2022-01-13,958.095285430356,1110082.7
2022-01-14,889.5917977145917,1117349.5
2022-01-15,1197.3204069196015,1254482.7
2022-01-16,1097.617671528048,1039814.2
2022-01-17,1270.5700858545997,1128344.9
2022-01-18,1079.347581615218,1036547.5
2022-01-19,1132.1367315186283,1290703.7
2022-01-20,1466.8694976432607,1279967.7
2022-01-21,1443.4369598943167,1320735.5
2022-01-22,1388.9984063038573,1211242.5
2022-01-23,1299.1500234897496,1274888.0
2022-01-24,1389.9655510240132,1339284.1
2022-01-25,1432.8588384974698,1465485.4
2022-01-26,1271.05797683426,1314708.7
2022-01-27,1231.4136478159041,987337.6
2022-01-28,1248.5138804447263,1197257.1
2022-01-29,1281.8156022108628,1033659.7
2022-01-30,1216.7827945881634,763847.9
2022-01-31,1246.5283962737599,856938.9
2022-02-01,1246.4902565948412,823177.5
2022-02-02,1240.2185709303394,832830.5
2022-02-03,1291.6819404031223,833845.7
2022-02-04,1315.7391578394775,793295.2
2022-02-05,1297.6088099110898,884520.3
2022-02-06,1554.7314088881485,1051530.6
2022-02-07,1399.7942743196845,1180827.4
2022-02-08,1506.323650328308,1323513.2
2022-02-09,1467.3313186035757,1372061.5
2022-02-10,1463.081800105837,1456770.9
2022-02-11,1293.9281156812403,1472046.8
2022-02-12,1408.786168895395,1436731.3
2022-02-13,1397.9192185472143,1300236.2
2022-02-14,1441.6095539007006,1429967.5
2022-02-15,1408.8881604140533,1466256.2
2022-02-16,1450.9386383170208,1508370.4
2022-02-17,1486.7673990898627,1528912.8
2022-02-18,1472.2134872152963,1534771.6
2022-02-19,1427.2058690363613,1398869.2
2022-02-20,1269.7646567519832,980710.4
2022-02-21,1115.1736875568456,1041529.3
2022-02-22,1139.526087440547,1113561.2
2022-02-23,1030.35101373724,1348655.2
2022-02-24,960.2458070222372,1116570.1
2022-02-25,963.0389313150962,989642.5
2022-02-26,1230.6802891121804,1374477.2
2022-02-27,1296.0671422499313,1378596.8
2022-02-28,1273.7703900273386,1438398.4
2022-03-01,1455.6367388196393,1296827.6
2022-03-02,1279.1410840803874,1479689.9
2022-03-03,1272.833243157746,1170571.8
2022-03-04,1219.3018202913602,1467518.2
2022-03-05,1352.3524661986894,1465611.8
2022-03-06,1304.6442072934547,1155419.5
2022-03-07,1227.1537861591019,1355969.8
2022-03-08,1358.9365105826673,1196002.8
2022-03-09,1323.794020009174,1482310.1
2022-03-10,1420.973078233438,1525487.1
2022-03-11,1385.5742024201184,1337265.3
2022-03-12,1569.0891861785774,1505451.4
2022-03-13,1453.0763830562191,1204924.7
2022-03-14,1518.42750254641,1507160.9
2022-03-15,1591.4666201093212,1581978.8
2022-03-16,1578.1063970348357,1580951.2
2022-03-17,1602.1016934819388,1603895.7
2022-03-18,1600.0577951744806,1610048.4
2022-03-19,1520.3899038230686,1566210.3
2022-03-20,1482.458216313162,1229441.6
2022-03-21,1591.5797151946729,1550659.2
2022-03-22,1599.2179796048772,1612228.6
2022-03-23,1513.610494163956,1547760.8
2022-03-24,1550.7200398805935,1488994.9
2022-03-25,1577.9314730123456,1426633.8
2022-03-26,1545.4326891500014,1482813.9000000001
2022-03-27,1448.0711000339509,1234131.0
2022-03-28,1562.608723697835,1398628.2
2022-03-29,1538.4707006379012,1344643.5
2022-03-30,1564.2608541404836,1427085.5
2022-03-31,1554.4756736659433,1556894.2
2022-04-01,1389.8418336932493,1310629.3
2022-04-02,1309.7916438745697,874180.2
2022-04-03,1013.0969260168465,594657.0
2022-04-04,1316.1852710216417,1119905.4
2022-04-05,1273.1836861095435,1308585.5
2022-04-06,1485.0635048543722,1377551.9
2022-04-07,1537.8321918758859,1456582.2
2022-04-08,1493.131287708611,1298985.8
2022-04-09,1527.5924788137281,1267679.4
2022-04-10,1548.770480694646,878634.5
2022-04-11,1536.972707646281,1298008.8
2022-04-12,1579.0719359850214,1557951.0
2022-04-13,1600.442700345885,1609407.9
2022-04-14,1569.863520662557,1624283.5
2022-04-15,1584.6772846210163,1628026.3
2022-04-16,1562.6638296914555,1503272.2
2022-04-17,1345.6571511006005,966236.4
2022-04-18,1130.657887982166,950173.7
2022-04-19,1285.3359342191138,1111622.3
2022-04-20,1416.6674774749524,1282942.9
2022-04-21,1467.9032275914678,1262368.5
2022-04-22,1483.0853465479056,1354002.7
2022-04-23,1504.3086414102395,1576751.1
2022-04-24,1474.9272288989773,1228126.5
2022-04-25,1567.6856132097,1508876.0
2022-04-26,1544.1979578398893,1498262.2
2022-04-27,1538.2774165156875,1721321.0
2022-04-28,1559.2018696268237,1620749.8
2022-04-29,1544.4705938388236,1569060.6
2022-04-30,1433.3384233686816,581830.0
2022-05-01,1091.2675966174181,515026.7
2022-05-02,1302.9031791911932,725137.2
2022-05-03,1433.0978302084893,1251246.3
2022-05-04,1394.612590704268,1331796.2
2022-05-05,1457.8498202695976,1395658.7
2022-05-06,1238.80120966467,1366449.1
2022-05-07,1215.1136406742028,1279745.3
2022-05-08,1281.258710760892,1371400.3
2022-05-09,1281.6801461156974,956322.3
2022-05-10,1240.6318250718155,1620267.2
2022-05-11,1382.5897357043111,1352825.7
2022-05-12,1369.2662127274455,1554541.3
2022-05-13,1289.8201155750173,1598662.1
2022-05-14,1400.490774363728,981392.3
2022-05-15,1434.9125942649257,842646.4
2022-05-16,1435.290193405413,1255699.6
2022-05-17,1317.380308474252,1369289.0
2022-05-18,1358.3785851902721,1560458.1
2022-05-19,1235.0879220087834,1342492.2
2022-05-20,1296.4196413464913,987487.9
2022-05-21,1337.9007642130514,927712.5
2022-05-22,1206.9209671292847,419993.9
2022-05-23,962.2901585148377,654910.3
2022-05-24,1446.8282226383867,631427.5
2022-05-25,1252.202720690822,1132888.3
2022-05-26,1203.6307775268665,1349525.2
2022-05-27,838.2901818851574,945799.0
2022-05-28,770.5308289256205,556373.2
2022-05-29,1137.329966105991,411895.8
2022-05-30,922.0175458777624,937516.3
2022-05-31,1377.7520577585967,615167.3
2022-06-01,1402.5684430516499,1323765.3
2022-06-02,1388.6569895385621,1402292.9
2022-06-03,744.1581785958505,704289.6
2022-06-04,1004.2306492200995,977483.6
2022-06-05,1269.228671258304,565194.2
2022-06-06,1438.1238390070089,1100465.3
2022-06-07,1491.6065876863665,1286700.6
2022-06-08,1549.0042413737035,1312515.8
2022-06-09,1534.0364617262312,1354361.0
2022-06-10,1440.5319445946272,1385459.5
2022-06-11,1469.442475848704,1102766.9
2022-06-12,1486.2295932972938,865966.7
2022-06-13,1224.06058688359,1278895.7
2022-06-14,1219.5374458715166,941360.2
2022-06-15,1405.2270112624128,1181514.1
2022-06-16,1370.5950120690875,1060975.0
2022-06-17,1435.4544590644314,1198579.9
2022-06-18,1184.0883074301576,763449.5
2022-06-19,1386.992004253754,439118.0
2022-06-20,1232.8828696622547,916545.7
2022-06-21,1310.1306118942946,819270.1
2022-06-22,921.0375791556197,679063.6
2022-06-23,1189.774613838232,577277.5
2022-06-24,981.6185327966165,541266.2
2022-06-25,1377.0491214259391,438762.1
2022-06-26,1436.662605455509,450355.8
2022-06-27,1263.2067502202913,1129072.9
2022-06-28,1365.1362382192926,1293247.9
2022-06-29,1209.3716036094734,1076384.2
2022-06-30,986.1698601934285,442778.89999999997
2022-07-01,905.8612385441104,889265.2999999999
2022-07-02,1118.5043037190853,473818.1
2022-07-03,1296.0188923684584,407617.5
2022-07-04,1385.1988523453458,1421880.0
2022-07-05,1184.4156566214808,1070386.7
2022-07-06,1233.2447815127073,763932.3
2022-07-07,1365.8336044899306,925430.8
2022-07-08,1266.663721945242,1178342.0
2022-07-09,1291.0603991546996,669016.8
2022-07-10,1127.0,28255.8
2022-07-11,1194.9664710966847,490094.3
2022-07-12,1134.9801214714566,189575.4
2022-07-13,1131.7124222016341,513342.4
2022-07-14,1192.6089971855226,751329.4
2022-07-15,1290.3833461445558,565535.4
2022-07-16,1321.021953362985,401955.4
2022-07-17,1176.6466103321143,623394.2
2022-07-18,1435.3862960348058,1415870.0
2022-07-19,1105.275443006287,1329572.1
2022-07-20,1305.1004323111208,1031918.4
2022-07-21,1075.3960756458052,697466.3
2022-07-22,1416.1364326807225,380374.7
2022-07-23,1188.0619293709403,413824.0
2022-07-24,1315.952383446745,489293.5
2022-07-25,1326.22566712657,1278021.5
2022-07-26,1408.1122631707321,1662944.8
2022-07-27,1362.9822644867259,1570379.0
2022-07-28,1405.9278053517883,1568088.9
2022-07-29,1364.3676312142065,1350635.0
2022-07-30,1400.77072917882,1597690.4
2022-07-31,1203.8087324987716,1257650.3
2022-08-01,1482.869378146257,1472853.4
2022-08-02,1553.539128934169,1637324.7
2022-08-03,1534.7818894843622,1668700.5
2022-08-04,1492.0044799593832,1690239.9
2022-08-05,1122.002320831055,959315.8
2022-08-06,959.2168574727085,394290.1
2022-08-08,992.1797007096244,167609.8
2022-08-09,1270.4995400046237,297176.9
2022-08-10,1009.8306610919808,458812.1
2022-08-11,1096.9009749565146,339769.0
2022-08-12,1527.299714174574,341397.2
2022-08-13,1316.0106619868786,723138.2
2022-08-14,1457.0525733947354,535052.0
2022-08-15,1295.3537242945786,1279504.4
2022-08-16,1288.1937541036443,1205361.5
2022-08-17,1189.8788184976381,959292.2
2022-08-18,1466.7084877093448,1093554.4
2022-08-19,1385.8069675904992,1229238.3
2022-08-20,853.7459314732886,107839.7
2022-08-21,1045.0763227236282,62109.8
2022-08-22,1579.677803060967,1202319.3
2022-08-23,1553.4919396549099,1632414.5
2022-08-24,1557.2663821863705,1637406.9
2022-08-25,1548.6990563737788,1445218.0
2022-08-26,1217.7475353647355,816171.8
2022-08-27,1367.1346155797246,1203506.5
2022-08-28,1380.3901315782268,1263722.0
2022-08-29,1533.1081441267813,1607364.0
2022-08-30,1600.835237716554,1669439.9
2022-08-31,1599.6577112748546,1647427.0
2022-09-01,1600.3634344948111,1419160.1
2022-09-02,1546.7200151776765,871984.6
2022-09-03,1370.3104068255147,802222.3
2022-09-04,1486.1103367769224,728416.3
2022-09-05,1584.0914161979001,1158394.6
2022-09-06,1584.8525239797002,1606062.6
2022-09-07,1589.9849791830572,1601503.2
2022-09-08,1339.2158864356688,1215735.6
2022-09-09,1587.7974586876874,1136822.1
2022-09-10,1509.157019236319,1239811.0
2022-09-11,1407.9856657217456,997261.4
2022-09-12,1480.132673275372,1391271.0
2022-09-13,1582.1325886007426,1604057.1
2022-09-14,1551.19035545062,1607762.0
2022-09-15,1577.236561015358,1645244.8
2022-09-16,1539.711583383029,1605440.6
2022-09-17,1192.761715826646,1227142.5
2022-09-18,1186.7544795660506,361175.9
2022-09-19,1554.739491643834,1226184.4
2022-09-20,1357.9003767633549,1384923.7
2022-09-21,1292.0142549518846,1113697.2
2022-09-22,1421.0120928129934,930973.1
2022-09-23,1482.0067770483647,1392581.4
2022-09-24,1448.452469700918,1172722.0
2022-09-25,1559.785915594188,320006.4
2022-09-26,1442.7443993155073,917468.0
2022-09-27,1273.5634359062824,840519.2
2022-09-28,1352.6512940000453,959567.2
2022-09-29,1258.312428211469,507517.0
2022-09-30,1280.128782433741,979930.9
2022-10-01,1413.250535465664,498246.7
2022-10-02,1554.4043420443381,408181.0
2022-10-03,1425.729846362957,1061931.4
2022-10-04,1546.683156508976,979192.4
2022-10-05,1480.8536137808794,1036421.5
2022-10-06,1507.68499702073,1207846.1
2022-10-07,1457.1474190657593,1361820.4
2022-10-08,1528.7660327590502,1359828.8
2022-10-09,1519.0871932921425,409978.9
2022-10-10,1502.9369405953655,764709.7
2022-10-11,1451.5527838188643,568192.5
2022-10-12,1440.0448612017985,1099315.4
2022-10-13,1438.651362704471,1105375.4
2022-10-14,1317.2198071678201,1317000.1
2022-10-15,1372.6966093090111,812758.7
2022-10-16,1470.8093198466415,531042.0
2022-10-17,1497.1909351008378,1407257.0
2022-10-18,1536.7855658160686,1464503.3
2022-10-19,1548.2656744421242,1288172.8
2022-10-20,1522.6432180065947,882778.8
2022-10-21,1522.2361292042815,1063246.5
2022-10-22,1305.3700753840103,1323039.2
2022-10-23,1448.493093483042,1117708.6
2022-10-24,1470.7888753647471,1291065.7
2022-10-25,1537.9071953289097,1247109.3
2022-10-26,1574.0247725469612,1138432.8
2022-10-27,1557.2035985721393,1238888.6
2022-10-28,1469.6799042879643,1229208.0
2022-10-29,1530.6330738138752,1267676.3
2022-10-30,1441.0197206448165,720645.3
2022-10-31,1401.3531166449416,875106.1
2022-11-01,1571.4085759320023,1412002.8
2022-11-02,1479.9704387161044,1425212.1
2022-11-03,1554.665362560738,1467408.2
2022-11-04,1533.2586341518456,1071945.0
2022-11-05,1474.6642970234977,750904.9
2022-11-06,1473.061506637147,1157319.6
2022-11-07,1478.123592819745,1058385.8
2022-11-08,1367.6562809951145,1169324.6
2022-11-09,1517.8215672294618,1483998.2
2022-11-10,1539.086851985242,1458437.0
2022-11-11,1552.0118284683695,1395488.4
2022-11-12,1522.3563278643323,1160266.8
2022-11-13,1522.2848132816978,1158351.9
2022-11-14,1509.7181358076261,1078217.8
2022-11-15,1501.1030919288082,1465923.5
2022-11-16,1602.2747216306552,1518800.5
2022-11-17,1599.9974039413705,1533547.8
2022-11-18,1602.3,1517609.6
2022-11-19,1598.2947147418051,1344123.7
2022-11-20,1510.7118807310055,1170990.0
2022-11-21,1598.011188750399,1211093.6
2022-11-22,1602.3,1489713.8
2022-11-23,1594.5513570371072,1490780.9
2022-11-24,1579.4541536835918,1476835.6
2022-11-25,1556.578866094301,1344734.4
2022-11-26,1569.0620677202432,1330445.6
2022-11-27,1492.548073136358,965418.6
2022-11-28,1579.7528935866299,1460884.1
2022-11-29,1602.2999999999995,1530240.7
2022-11-30,1602.2999999999997,1527980.7
2022-12-01,1531.8497368664794,1475885.7
2022-12-02,1564.5065355154122,1346117.0
2022-12-03,1462.7862656717182,1223768.2
2022-12-04,1328.7538923367333,826313.4
2022-12-05,1467.5487387093324,1034892.3
2022-12-06,1429.8825783359762,1273693.2
2022-12-07,1538.9542365927412,1428942.4
2022-12-08,1553.062670788811,1276884.0
2022-12-09,1508.8551470560192,1178866.4
2022-12-10,1489.9057735769384,1373080.1
2022-12-11,1348.6630643295848,1059820.3
2022-12-12,1358.8309016680828,670716.1
2022-12-13,1356.3546999543692,1258352.6
2022-12-14,1410.9965658337258,1092362.6
2022-12-15,1505.2626525495818,1448061.0
2022-12-16,1552.6633417331884,1456441.8
2022-12-17,1554.8617413744155,1223253.3
2022-12-18,1526.0670111913805,1049218.2
2022-12-19,1513.0249472281853,1180270.2
2022-12-20,1549.1885832165576,1422170.7
2022-12-21,1590.3942836106978,1448545.5
2022-12-22,1593.441875721862,1450311.4
2022-12-23,1542.8397901337137,1398406.6
2022-12-24,1538.5887423975964,1276836.3
2022-12-25,1476.7464271172194,890154.7
2022-12-26,1573.2383228802355,1084383.5
2022-12-27,1591.795626360998,1409875.3
2022-12-28,1597.154624415674,1396394.8
2022-12-29,1564.3218985724154,1336874.0
2022-12-30,1497.7608663159153,1239795.3
2022-12-31,1512.8071302440815,971859.9
2023-01-01,1599.5023621960875,937452.7
2023-01-02,1657.9642248280225,909769.6
2023-01-03,1735.5867784939417,1385577.0
2023-01-04,1551.8230108082857,1177707.6
2023-01-05,1577.3254790990427,1171367.4
2023-01-06,1623.5815255995694,1359188.9
2023-01-07,1459.5087479022916,767337.4
2023-01-08,1372.1748622758755,482901.6
2023-01-09,1658.468503890116,970549.5
2023-01-10,1698.8082829532618,1214399.5
2023-01-11,1560.2611789486698,1353521.1
2023-01-12,1488.8867164024034,1293671.4
2023-01-13,1445.8748968302891,1301178.4
2023-01-14,1602.9538503013982,1132753.4
2023-01-15,1611.5422892401928,1058248.5
2023-01-16,1617.0340516543545,802875.2
2023-01-17,1534.8821823277144,916169.0
2023-01-18,1333.5853817362768,978938.4
2023-01-19,1317.436253111483,818870.0
2023-01-20,1547.8378266068762,788374.4
2023-01-21,1671.111488786626,725299.1
2023-01-22,1419.8462181041207,512364.0
2023-01-23,1252.9851414501757,380616.0
2023-01-24,1489.2565018475648,137965.4
2023-01-25,1425.2438750633557,258659.1
2023-01-26,1577.6389535778665,701717.0
2023-01-27,1409.6260046266896,726610.2
2023-01-28,1361.3971447776648,980455.1
2023-01-29,1455.383704104536,793025.0
2023-01-30,1455.9269352862584,573457.8
2023-01-31,1472.8652313986772,934129.8
2023-02-01,1670.9759436158804,1382545.3
2023-02-02,1675.7052522777315,1369981.8
2023-02-03,1538.3718112321326,1154744.2
2023-02-04,1585.1759097839845,1282216.9
2023-02-05,1544.938253995316,1065791.7
2023-02-06,1665.6133300209967,1298006.2
2023-02-07,1758.0779923480898,1504800.7
2023-02-08,1753.467181090797,1503993.6
2023-02-09,1759.3527067211116,1532944.3
2023-02-10,1758.4655966887694,1515255.6
2023-02-11,1761.9692786863081,1428718.2
2023-02-12,1728.2101432013544,1254171.1
2023-02-13,1764.8303552433517,1494359.0
2023-02-14,1731.9036664779799,1522274.9
2023-02-15,1718.2374118145005,1477599.5
2023-02-16,1651.597817147002,1489795.1
2023-02-17,1768.6950645043073,1507945.8
2023-02-18,1778.6000000000001,1484473.9
2023-02-19,1679.5882030786556,1234545.3
2023-02-20,1683.6306818013543,1457865.1
2023-02-21,1771.207896836641,1498764.7
2023-02-22,1738.5969001651156,1504642.4
2023-02-23,1709.2658056082596,1506620.6
2023-02-24,1654.9754643491872,1462773.1
2023-02-25,1519.9700566637034,1274824.9
2023-02-26,1413.1024397600006,1150218.3
2023-02-27,1652.7665499938041,1409853.7
2023-02-28,1721.994591466515,1479932.3
2023-03-01,1751.9895940498272,1497516.3
2023-03-02,1547.7318607840914,1523573.0
2023-03-03,1656.9480855082668,1521663.4
2023-03-04,1704.4944639952078,1455414.6
2023-03-05,1480.6854653704593,1242918.6
2023-03-06,1554.2030902057218,1366759.2
2023-03-07,1638.9348223170912,1505469.5
2023-03-08,1512.6700055564768,1508383.9
2023-03-09,1530.8698280825074,1507861.1
2023-03-10,1485.0337208644733,1504258.9
2023-03-11,1614.667828495543,1355202.1
2023-03-12,1315.0739998115428,997043.9
2023-03-13,1589.419334376756,1363014.3
2023-03-14,1543.0162742410116,1443674.3
2023-03-15,1595.7055018850317,1515491.5
2023-03-16,1649.504831984951,1430108.2
2023-03-17,1740.5044424703847,1471429.1
2023-03-18,1670.1347935425474,1460882.6
2023-03-19,1373.870448292537,1152851.0
2023-03-20,1700.561258484548,1527188.0
2023-03-21,1777.156769101601,1596486.6
2023-03-22,1707.8135908028657,1626391.4
2023-03-23,1757.4581400789127,1653956.3
2023-03-24,1766.9869708848923,1641852.1
2023-03-25,1775.413926938967,1556501.4
2023-03-26,1640.20134855167,1333925.9
2023-03-27,1742.5746637404138,1519793.7
2023-03-28,1766.9350460319854,1568198.7
2023-03-29,1726.7855711894645,1565048.3
2023-03-30,1740.4508147855495,1531218.0
2023-03-31,1778.1554881375257,1560479.7
2023-04-01,1720.005047497687,1503384.8
2023-04-02,1689.5772792207092,1084124.1
2023-04-03,1744.4964223764432,1542865.4
2023-04-04,1719.42666124869,1602449.3
2023-04-05,1778.5999999999997,1639109.3
2023-04-06,1778.6,1658922.0
2023-04-07,1778.6,1620897.0
2023-04-08,1762.2267597539208,1536448.8
2023-04-09,1631.141047854317,1305493.5
2023-04-10,1778.6,1554810.4
2023-04-11,1778.6,1627702.1
2023-04-12,1778.6,1649458.6
2023-04-13,1778.6,1653142.0
2023-04-14,1778.6000000000001,1670006.7
2023-04-15,1778.6,1605190.0
2023-04-16,1778.5999999999997,1395660.6
2023-04-17,1778.5999999999997,1579355.1
2023-04-18,1778.6,1657722.4
2023-04-19,1778.6,1679200.0
2023-04-20,1778.5999999999997,1705372.2
2023-04-21,1778.6,1723025.2
2023-04-22,1778.6,1664398.3
2023-04-23,1771.8450926719431,1516014.4
2023-04-24,1778.6,1660297.4
2023-04-25,1778.6,1658555.6
2023-04-26,1772.0025467919054,1607019.4
2023-04-27,1714.091622655075,1544393.9
2023-04-28,1778.6000000000001,1564762.1
2023-04-29,1705.180368597715,864449.2
2023-04-30,1719.5530624024482,714874.2
2023-05-01,1514.9073467977862,706653.3
2023-05-02,1599.681308325721,1031724.5
2023-05-03,1706.3576958905396,1504265.6
2023-05-04,1778.6000000000001,1654711.4
2023-05-05,1778.6,1738964.3
2023-05-06,1778.5999999999997,1782786.6
2023-05-07,1775.96882649984,1656231.9
2023-05-08,1778.6000000000001,1656492.1
2023-05-09,1778.6,1592725.6
2023-05-10,1778.5999999999995,1625438.3
2023-05-11,1778.6000000000001,1640277.2
2023-05-12,1778.6,1581680.3
2023-05-13,1736.2902663621494,1313203.1
2023-05-14,1717.3266495985345,888806.5
2023-05-15,1688.0372678218985,1424689.7
2023-05-16,1738.9114793298672,1672253.4
2023-05-17,1748.852376454015,1741144.4
2023-05-18,1778.5999999999997,1792799.3
2023-05-19,1773.4361103643046,1850471.5
2023-05-20,1770.0973510857905,1800148.9
2023-05-21,1772.3641811040955,1629927.8
2023-05-22,1768.8525518572574,1786209.0
2023-05-23,1754.4666420086105,1829073.6
2023-05-24,1778.6,1773557.5
2023-05-25,1770.3683387636395,1695005.7
2023-05-26,1773.0342298533792,1692540.7
2023-05-27,1766.103695232651,1581744.9
2023-05-28,1682.1235362076718,1428242.9
2023-05-29,1746.369539701412,1643716.1
2023-05-30,1778.6,1738128.9
2023-05-31,1776.6014959165675,1777512.1
2023-06-01,1778.6000000000001,1790621.3
2023-06-02,1778.6000000000001,1798585.7
2023-06-03,1778.6,1681724.5
2023-06-04,1748.4460691344186,1526498.7
2023-06-05,1735.327359255371,1595603.7
2023-06-06,1741.25929773085,1592367.4
2023-06-07,1617.7027378718756,1569669.8
2023-06-08,1664.1519891831165,1615899.8
2023-06-09,1434.523768870501,1394539.0
2023-06-10,1557.008623577107,1562986.5
2023-06-11,1731.2753938198955,1496356.6
2023-06-12,1724.3130396112242,1681998.0
2023-06-13,1692.9004795878038,1633903.1
2023-06-14,1646.4290386736811,1088127.6
2023-06-15,1597.162542055471,1627863.1
2023-06-16,1660.597734715921,1701900.1
2023-06-17,1704.3213068015825,1667076.8
2023-06-18,1497.2775134488995,1328257.4
2023-06-19,1600.066854926609,1379835.4
2023-06-20,1671.6220113119384,1707505.7
2023-06-21,1684.049518319746,1699764.3
2023-06-22,1739.995213963743,1733383.4
2023-06-23,1563.4998792649953,1643085.2
2023-06-24,1102.7527300409222,427370.7
2023-06-25,742.4511626514355,91111.4
2023-06-26,1245.8389374046567,489742.5
2023-06-27,1219.0670463944305,798294.1
2023-06-28,989.0835945636926,1114157.0
2023-06-29,1389.8618387265005,1390599.2
2023-06-30,1447.2631968185117,1521954.4
2023-07-01,1668.7672341484106,1710446.8
2023-07-02,1595.499671995822,1540413.0
2023-07-03,1521.5561167753847,1670154.2
2023-07-04,1095.2346511951725,1318127.4
2023-07-05,1057.4787062877667,449765.4
2023-07-06,1395.85414481832,1252389.2
2023-07-07,1585.4519803073229,1770668.4
2023-07-08,1422.8418997454262,1413973.4
2023-07-09,1255.279393176015,327269.2
2023-07-10,1614.885808702628,1518196.5
2023-07-11,1757.2952734032694,1822009.3
2023-07-12,1778.0861539834652,1853169.1
2023-07-13,1763.8806935345056,1852504.8
2023-07-14,1688.8751048463207,1823645.3
2023-07-15,1691.349706060363,1351876.2
2023-07-16,1434.0219548646378,864749.9
2023-07-17,1122.0372120964337,320294.4
2023-07-19,945.2842528119847,291600.1
2023-07-20,920.8301931083652,216558.2
2023-07-22,1389.3888285469948,1569707.1
2023-07-23,1462.309902056309,1420146.6
2023-07-24,1676.537197557897,1699371.2
2023-07-25,1759.5096731005178,1739865.1
2023-07-26,1750.0762858300493,1809350.7
2023-07-27,1753.5883015094037,1848551.3
2023-07-28,1756.2724379970032,1735186.3
2023-07-29,1719.0724874478947,1655280.1
2023-07-30,1526.902384552751,1404749.8
2023-07-31,1584.3601832545226,1160568.9
2023-08-01,1350.3003437951966,910819.3
2023-08-02,816.2289370876905,259453.2
2023-08-04,1079.737204396194,430927.3
2023-08-05,1408.4721696808629,407129.0
2023-08-06,1368.6353149919062,465870.7
2023-08-07,1151.1877591078648,604222.3
2023-08-08,1208.9772060082917,327540.7
2023-08-09,962.0533569068062,683811.0
2023-08-10,1412.6544039832768,461770.60000000003
2023-08-11,1318.922404199154,493151.7
2023-08-12,1204.5568069590845,517435.9
2023-08-13,1280.3919609319837,765352.4
2023-08-14,958.9575553661844,489339.3
2023-08-15,1161.6226332727797,229824.5
2023-08-16,1151.7501491283185,644449.7
2023-08-17,1382.1893102098668,799006.5
2023-08-18,1097.908591008594,704546.1
2023-08-19,914.3508746292197,424948.3
2023-08-20,842.0679764110714,401824.1
2023-08-21,1089.866783050549,754332.4
2023-08-22,1246.1051695075369,745358.6
2023-08-23,1261.7434327810583,385761.8
2023-08-24,1136.6872113527606,747997.7999999999
2023-08-25,1508.946878285005,638602.5
2023-08-26,1331.5508413790421,781710.7
2023-08-27,1420.9938280029792,845206.5
2023-08-28,1457.7924388599647,386563.4
2023-08-29,1013.7592669596028,112356.7
2023-08-30,632.511,37312.0
2023-09-04,1225.4253484569315,133892.3
2023-09-05,1403.3410626672178,366027.1
2023-09-06,1444.5342463214336,844316.7
2023-09-07,1460.1633372881017,1634642.6
2023-09-08,1456.4550821872476,1307646.9
2023-09-09,941.8025032249693,1190057.8
2023-09-10,1158.809442522631,703716.1
2023-09-11,1346.1278422282926,837283.2
2023-09-12,1533.6533044891696,1052386.2
2023-09-13,816.3306030722543,110654.9
2023-09-15,583.6424762320919,145206.3
2023-09-16,830.4352315897271,190710.1
2023-09-17,1477.4228468619542,849348.7
2023-09-18,1698.7984176329537,1324261.4
2023-09-19,1769.334890805887,1698882.8
2023-09-20,1775.506910401855,1728578.2
2023-09-21,1771.1654659201574,1774160.2
2023-09-22,1725.5464061738776,1780644.3
2023-09-23,1766.8305222047638,1702533.3
2023-09-24,1663.727122089923,1533997.2
2023-09-25,1660.6033271752285,1640060.9
2023-09-26,1699.6724654002212,1612481.4
2023-09-27,1630.4129099095248,1143993.3
2023-09-28,1507.0475133158106,1050349.1
2023-09-29,1406.2872237339227,821517.8
2023-09-30,1351.8242447271848,1276775.2
2023-10-01,1256.262118400758,1075667.1
2023-10-02,1642.2900466222902,1441885.4
2023-10-03,1652.5502421108522,1670082.1
2023-10-04,1766.5898301919424,1718304.8
2023-10-05,1727.2892303319127,1755103.3
2023-10-06,1668.6139234524173,1734696.2
2023-10-07,1506.551752020209,1453079.7
2023-10-08,1117.5303938145594,418686.4
2023-10-09,1433.8102115584197,1130628.6
2023-10-10,1595.8189654374787,1292631.4
2023-10-11,1546.0278783123506,1287627.8
2023-10-12,1422.0632736203613,1068243.6
2023-10-13,1235.7906284536107,925299.8
2023-10-14,1194.1565396659428,742148.0
2023-10-15,857.1451282129691,412044.9
2023-10-16,1192.1789919812688,663957.9
2023-10-17,1163.802368378784,847959.8
2023-10-18,1291.4792031601748,1035892.0
2023-10-19,1706.3738500862364,1232368.5
2023-10-20,1640.047660938808,1643441.4
2023-10-21,1512.8906119711914,1566552.5
2023-10-22,1235.0113163147287,978372.4
2023-10-23,1620.6223313281246,1042218.8
2023-10-24,1652.7519573620214,1174708.6
2023-10-25,1679.381395649081,1300493.1
2023-10-26,1519.2561894087776,1647062.0
2023-10-27,1584.6202177765147,1596076.6
2023-10-28,1667.2307055386357,1579376.3
2023-10-29,1181.9256299365434,748575.4
2023-10-30,1426.1478048458964,1025597.7
2023-10-31,1633.0560416221895,1037052.6
2023-11-01,1503.193118151829,1195793.6
2023-11-02,1571.4847703611506,1116124.3
2023-11-03,1524.6840921191274,1624856.9
2023-11-04,1700.491038506308,1574900.4
2023-11-05,1759.180863867173,1465674.4
2023-11-06,1620.0956047314307,1618444.9
2023-11-07,1346.0704561530836,1319418.9
2023-11-08,1463.9621994709698,578039.0
2023-11-09,1740.4482606752902,1190827.1
2023-11-10,1690.0080058183344,1697393.0
2023-11-11,1727.6981788799685,1517434.3
2023-11-12,1572.7667807073124,1170781.4
2023-11-13,1198.2847605836212,326485.6
2023-11-14,1294.2283107209494,870783.9
2023-11-15,1291.6885994607496,774742.3
2023-11-16,1118.1325569553667,338379.0
2023-11-17,1229.9672825936861,80382.9
2023-11-18,1422.7234197799426,377547.10000000003
2023-11-19,1440.5744501920756,252374.5
2023-11-20,1422.640379044772,475978.6
2023-11-21,1320.9129268695065,1015901.8
2023-11-22,1369.8953919950677,1349443.0
2023-11-23,1451.7452687606353,1211005.1
2023-11-24,1391.4689598872278,1594716.5
2023-11-25,1478.9834324356425,1383301.1
2023-11-26,1453.1325691868162,873244.4
2023-11-27,1670.1653285623586,1306818.9
2023-11-28,1593.072033055155,1482334.6
2023-11-29,1520.3412803866763,1377565.1
2023-11-30,1544.9780417474649,1448567.0
2023-12-01,1367.6007636808542,1116801.6
2023-12-02,1350.6860837308475,1244337.1
2023-12-03,1251.0971700170662,876701.4
2023-12-04,1237.889433343561,851628.9
2023-12-05,1369.8360346855482,1237991.1
2023-12-06,1395.6617823030056,1570828.3
2023-12-07,1365.0428032174113,1450706.6
2023-12-08,1407.5216164831618,1035949.3
2023-12-09,1380.4062623374075,1483952.3
2023-12-10,1324.522998230846,1403100.1
2023-12-11,1649.25092213486,1567525.6
2023-12-12,1726.0938008206058,1631867.6
2023-12-13,1708.9123450411694,1654495.9
2023-12-14,1570.2836950018882,1658802.4
2023-12-15,1460.4876764002915,1666511.7
2023-12-16,1514.7746696448494,1477276.8
2023-12-17,1533.3769921878682,1145705.2
2023-12-18,1625.7734280998461,1267283.1
2023-12-19,1581.5545572890435,1548861.6
2023-12-20,1609.0368077042754,1641966.3
2023-12-21,1601.6170743701766,1477716.0
2023-12-22,1608.7723484112148,1603454.7
2023-12-23,1419.1754626906759,1208896.2
2023-12-24,1344.0485176131922,802452.5
2023-12-25,1316.280015135468,576328.4
2023-12-26,1407.2613305307284,896047.4
2023-12-27,1360.5200382395496,738376.9
2023-12-28,1401.8398098889768,1000414.9
2023-12-29,1448.8144530774327,1120357.5
2023-12-30,1429.5858230964989,983759.5
2023-12-31,1499.8272336339962,875598.6
2024-01-01,1251.2096756630633,745087.2
2024-01-02,1390.2066664129406,1459447.5
2024-01-03,1391.878874317403,1539945.9
2024-01-04,1441.9754466134223,1601194.6
2024-01-05,1391.5601878909151,1617055.3
2024-01-06,1316.94792709162,1549066.1
2024-01-07,1266.4284712278939,1262484.9
2024-01-08,1318.2099796452906,1421179.7
2024-01-09,1372.1354265266552,1647503.6
2024-01-10,1388.385382961156,1651980.6
2024-01-11,1338.0048647413598,1561420.4
2024-01-12,1358.9231046878592,1467878.9
2024-01-13,1337.58480034625,1235175.9
2024-01-14,1301.8233761692788,919477.0
2024-01-15,1365.9394437644023,1249269.2
2024-01-16,1407.4337980010264,1031009.2
2024-01-17,1299.943919625499,1015645.5
2024-01-18,1286.3433155425769,1125059.9
2024-01-19,1335.7439775423104,1419625.1
2024-01-20,1326.1951682712765,1394326.5
2024-01-21,1182.8686039216807,547377.6
2024-01-22,1392.97381321706,1194199.0
2024-01-23,1396.815952349626,1210764.9
2024-01-24,1471.651533482743,1325127.4
2024-01-25,1375.104220920325,1517981.2
2024-01-26,1392.402238457281,1280274.6
2024-01-27,1381.8783990871077,1158866.3
2024-01-28,1408.4444256742395,1211494.5
2024-01-29,1438.327738656778,1420824.3
2024-01-30,1449.039917742086,1643251.0
2024-01-31,1404.859189506437,1640077.8
2024-02-01,1395.3434784420474,1625569.5
2024-02-02,1419.197614180755,1607872.1
2024-02-03,1376.6128977506082,1429337.6
2024-02-04,1450.4509305773818,1341927.2
2024-02-05,1237.5675282292138,1149732.7
2024-02-06,1383.242681546986,935419.0
2024-02-07,1128.7489348626766,801276.4
2024-02-08,1144.904458159362,487485.4
2024-02-09,1401.6231074275383,878238.5
2024-02-10,1354.6960991654926,304802.6
2024-02-11,1315.548219840407,381884.3
2024-02-12,1193.6520243930545,258565.4
2024-02-13,962.0908888810462,349939.4
2024-02-14,1011.4474931919962,387404.3
2024-02-15,1122.386125264166,674481.8
2024-02-16,1287.5959076756214,271066.0
2024-02-17,1219.542258189356,609345.8
2024-02-18,1278.7287209637268,1076815.2
2024-02-19,1412.348443340403,1551139.7
2024-02-20,1452.6939556533814,1498175.1
2024-02-21,1434.949919831128,1560376.2
2024-02-22,1384.8000155703708,1264266.6
2024-02-23,1435.5777979413533,1665414.5
2024-02-24,1296.1487303220608,1330684.3
2024-02-25,1393.3408828937538,1262206.8
2024-02-26,1390.8149523131253,824084.2
2024-02-27,1248.24715821823,1627741.0
2024-02-28,1219.5125004945237,687429.5
2024-02-29,1280.307509903147,926114.7
2024-03-01,1382.1065729896804,1197354.2
2024-03-02,1296.9977298231793,638097.3
2024-03-03,1235.1334075497195,263427.0
2024-03-04,1451.910567148379,1070763.0
2024-03-05,1473.5992638469297,1610438.3
2024-03-06,1506.7060835876262,1670319.0
2024-03-07,1477.3032751255507,1730097.4
2024-03-08,1169.8082078541497,814293.1
2024-03-09,1309.1602962269496,253049.9
2024-03-10,1218.2026583550876,614399.9
2024-03-11,913.4864820522772,518957.2
2024-03-12,1125.1731778192357,220517.2
2024-03-13,1365.7256360759955,151577.8
2024-03-14,1261.1582082712978,385330.10000000003
2024-03-15,1475.7295558058381,918828.6
2024-03-16,1389.2308850294003,1026048.4
2024-03-17,1454.8122672319948,125661.6
2024-03-18,1365.1100830598637,344462.4
2024-03-19,1505.0848754060983,105177.7
2024-03-20,1506.7125702633975,256001.0
2024-03-21,1506.4407795869142,115917.79999999999
2024-03-22,1464.5101840810964,197749.8
2024-03-23,1189.4738653626346,677779.9
2024-03-24,1330.8510572596304,395173.7
2024-03-25,1498.3520126699477,520602.0
2024-03-26,1451.4392853055153,489272.0
2024-03-27,1510.0,359717.5
2024-03-28,1412.238020600288,857085.1
2024-03-29,1370.5553471354579,478467.4
2024-03-30,1502.9783008286822,249287.4
2024-03-31,1510.0,37652.0
2024-04-01,1503.5689037851394,721136.0
2024-04-02,1506.4941789242864,653865.4
2024-04-03,1428.6214929387354,758348.6
2024-04-04,1297.0654728946402,1177243.2
2024-04-05,1279.3876717845237,888249.4
2024-04-06,1499.149932493968,807483.4
2024-04-07,1480.9963908848974,453989.4
2024-04-08,1433.5012317783373,956032.4
2024-04-09,1490.6969611130103,698272.1
2024-04-10,1181.552375373418,311715.2
2024-04-11,1282.4872936547024,119999.1
2024-04-12,1261.9580166431567,66850.29999999999
2024-04-13,1254.949265380419,69110.6
2024-04-14,1501.5092182027722,267855.9
2024-04-16,800.0,167582.0
2024-04-17,979.6175483321155,328089.3
2024-04-18,1498.2,35961.9
2024-04-19,1226.2344156414729,401737.1
2024-04-20,767.2369996315698,302906.8
2024-04-21,800.0,125277.1
2024-04-22,984.2676460472877,179691.8
2024-04-23,1328.5168763518031,468448.4
2024-04-24,1510.0000000000002,247731.1
2024-04-25,1402.1130784847076,455096.3
2024-04-26,1500.1886956215594,818026.4
2024-04-27,1477.8433971899108,946631.8
2024-04-28,1452.5924583636736,637081.9
2024-04-29,1403.3601814391877,548437.2
2024-04-30,1457.239465133971,137761.6
2024-05-01,800.0,33363.8
2024-05-02,1507.5517664272154,778056.4
2024-05-03,928.2226723162282,289816.0
2024-05-04,1481.6322026292692,995919.3
2024-05-05,1268.8278797767218,396545.5
2024-05-06,1510.0,238931.7
2024-05-07,1450.3423536038213,393432.4
2024-05-08,1502.6579449320648,420306.3
2024-05-09,1466.8590278454997,588597.8
2024-05-10,1508.9140128890976,364587.2
2024-05-11,1509.4469400519263,794475.9
2024-05-12,1496.8252903164862,829947.7
2024-05-13,1509.995713698514,792380.1
2024-05-14,1478.8926378748465,1428030.6
2024-05-15,1473.4955518850963,1040620.6
2024-05-17,1504.2677058104064,82741.20000000001
2024-05-20,1496.5207295443447,118569.9
2024-05-21,1502.8199931554873,234056.1
2024-05-23,1299.2224071650194,242723.7
2024-05-24,1374.8507491243734,895872.6
2024-05-25,1509.1,38678.5
2024-05-26,985.5627032973465,228981.1
2024-05-27,1334.634146473759,884935.3
2024-05-28,1509.9999999999998,222553.9
2024-05-29,1510.0,449093.7
2024-05-30,751.0534581858416,82518.7
2024-06-01,650.0,38497.9
2024-06-04,1219.45000223493,780785.1
2024-06-05,1085.1318214630705,624345.9
2024-06-06,1468.9003129696018,373454.8
2024-06-07,1396.953153176734,217766.1
2024-06-08,1135.4,37446.4
2024-06-10,1268.7160190403908,78527.8
2024-06-11,1126.724690947738,209729.9
2024-06-12,1342.8319080368806,522868.3
2024-06-13,1258.7060599727542,1072452.0
2024-06-14,1375.402519511422,1864554.0
2024-06-15,1355.8750941201374,1959695.4
2024-06-16,1331.620313276417,1046425.4
2024-06-17,1223.7102168592298,1137923.9
2024-06-18,1081.3005773942252,983831.8
2024-06-19,1082.6806424181486,1223754.5
2024-06-20,859.187997654253,611745.4
2024-06-21,922.5418182807689,258346.9
2024-06-23,697.6435385920108,177343.7
2024-06-24,833.0969630052198,191597.30000000002
2024-06-25,1287.4164139998734,725243.7
2024-06-26,1206.537791153747,633059.0
2024-06-27,1209.1891902258646,448158.3
2024-06-28,1148.5166905883239,362642.1
2024-06-29,1142.1058858653541,877482.9
2024-06-30,816.2828812297142,391869.9
2024-07-01,1394.7149115276372,307282.4
2024-07-02,1215.1778115585198,827334.3
2024-07-03,851.5428613796936,575159.6
2024-07-04,818.1034028180637,865686.6
2024-07-05,792.6655531699973,676650.4
2024-07-06,929.0882868427706,1076133.1
2024-07-07,1227.816805427394,887313.5
2024-07-08,1073.480632029355,1462639.5
2024-07-09,1103.80516992138,1066904.0
2024-07-10,995.7931081810416,661061.3
2024-07-11,976.256870690757,1002394.7
2024-07-12,1002.4501002873841,878615.0
2024-07-13,946.3060582491222,735284.9
2024-07-14,706.6190734662927,145849.2
2024-07-15,1277.0262918962917,236744.7
2024-07-16,1351.4720650977,481255.1
2024-07-17,1365.989265279039,278581.0
2024-07-18,1326.665939776619,239554.8
2024-07-19,1233.5640635241418,419607.4
2024-07-20,1052.697391102085,684086.1
2024-07-21,930.0,35457.4
2024-07-22,1163.2545793923327,1045098.4
2024-07-23,1164.1947864440303,588787.1
2024-07-24,1300.5135133078452,883080.6
2024-07-25,1109.282925763234,1007151.9
2024-07-26,1263.5798923576062,1045705.1
2024-07-27,1280.7337815850926,513412.3
2024-07-28,927.1378543393166,566910.7
2024-07-29,1258.4721349200809,757898.3
2024-07-30,1187.7382227770893,926267.6
2024-07-31,1150.737494317934,1037474.8
2024-08-01,1290.0535779061804,844116.6
2024-08-02,1039.370812897982,985220.8
2024-08-03,947.0036477253306,1170836.1
2024-08-04,605.7399098695315,538375.1
2024-08-05,1120.2066976812548,1100491.8
2024-08-06,1008.6392931468719,1392459.0
2024-08-07,1038.7883533383138,1170583.5
2024-08-08,1023.5961499243197,1128100.5
2024-08-09,1122.0990408550897,1116042.1
2024-08-10,1410.6844793867056,547678.1
2024-08-11,1010.205672127408,655393.3
2024-08-12,967.9751605920745,999644.6
2024-08-13,1428.4142194971726,545996.1
2024-08-14,1097.540403323358,1214578.8
2024-08-15,1252.0767623718714,1052205.4
2024-08-16,1232.2171242625561,1140324.2
2024-08-17,964.1317460044482,976823.8
2024-08-18,954.1772014628439,864152.4
2024-08-19,1267.7703396218901,821147.6
2024-08-20,1120.8664199095913,1276448.1
2024-08-21,1302.7017539880812,1211466.1
2024-08-22,1140.3018694312793,1253660.9
2024-08-23,1075.6581485436438,1138495.7
2024-08-24,1108.7967889407976,1097952.6
2024-08-25,1246.397526903876,623655.5
2024-08-26,1327.512804874106,734871.2
2024-08-27,1396.9575396031053,852755.1
2024-08-28,1411.0885495417845,865051.6
2024-08-29,1472.0475930243667,380908.8
2024-08-30,872.9707145767203,495915.4
2024-08-31,827.3511798327382,545204.4
2024-09-01,892.8538830966805,404664.3
2024-09-02,1024.7358462318955,60316.8
2024-09-03,1510.0,334777.6
2024-09-04,1387.7378842286482,1107243.7
2024-09-05,1375.5327762537647,905285.4
2024-09-06,1290.5074383914196,499098.5
2024-09-07,1369.814562475145,431754.9
2024-09-08,1434.8254153788669,478496.9
2024-09-09,1244.2566458414044,1205699.1
2024-09-10,1456.4338875934868,1357707.8
2024-09-11,1327.1898487276148,1212851.9
2024-09-12,1283.1890151383138,1075991.7
2024-09-13,1001.7820206068724,360777.7
2024-09-14,1022.8154382444,277001.6
2024-09-15,1172.876823039362,217144.9
2024-09-16,1156.4954519012645,822702.5
2024-09-17,1219.6223689241524,933162.0
2024-09-18,1221.0221687792307,675877.0
2024-09-19,1183.7248253250098,405095.2
2024-09-20,1110.6147576446604,631411.3
2024-09-21,1323.9344023293017,545622.7
2024-09-22,1302.397453484323,277988.0
2024-09-23,1409.1704973914075,855691.3
2024-09-24,1174.4296581213039,1147573.7
2024-09-25,1166.883776599201,1108003.2
2024-09-26,1208.7151094241196,1011847.3
2024-09-27,1192.9600605680403,572178.0
2024-09-28,1331.1344706064588,933509.5
2024-09-29,1350.7703314086837,925657.7
2024-09-30,1356.697124665333,990163.0
2024-10-01,1268.6480191050603,1209920.3
2024-10-02,1210.279913936482,1161862.8
2024-10-03,1307.6106659477416,1219227.8
2024-10-04,997.6231649970507,904449.5
2024-10-05,1257.3410374700072,1171870.6
2024-10-06,1482.9299224277058,873726.9
2024-10-07,1439.8047367901224,880856.0
2024-10-08,1225.6155318070355,1222644.6
2024-10-09,1223.9160234779765,880855.3
2024-10-10,1261.018467217285,773518.9
2024-10-11,1249.4520045460076,920368.0
2024-10-12,1276.087758366641,1154788.4
2024-10-13,1082.5103625466425,603473.8
2024-10-14,1384.6588713937679,1346374.1
2024-10-15,1347.9712457941616,1721868.4
2024-10-16,1180.606039046112,1433589.6
2024-10-17,1026.181699062472,1089503.2
2024-10-18,1172.1305803332418,636930.6
2024-10-19,1118.1748241043108,644972.6
2024-10-20,998.3490650954136,163037.6
2024-10-21,1227.6103107585818,504922.5
2024-10-22,1319.9570548356955,740012.5
2024-10-23,1297.1084516990895,661580.7
2024-10-24,1244.2135440189184,420031.9
2024-10-25,1130.4146752268648,871576.4
2024-10-26,1252.3732180674729,1339035.1
2024-10-27,1435.0887029184144,816354.2
2024-10-28,1317.288712520227,1004651.9
2024-10-29,1469.7191674964781,1251790.5
2024-10-30,1450.285161605629,1368151.6
2024-10-31,1501.4097184649315,1363016.7
2024-11-01,1394.3696179277565,1574521.6
2024-11-02,1320.9617119928669,1105799.0
2024-11-03,1243.2108743671042,549557.5
2024-11-04,1431.2076997066447,1044466.0
2024-11-05,1309.5185531161437,1474882.1
2024-11-06,1371.35205609366,1148600.4
2024-11-07,1419.4164707464085,1129813.4
2024-11-08,1358.3157737727681,1301792.0
2024-11-09,1450.8836129157066,1551778.8
2024-11-10,1440.8707861014593,1224551.6
2024-11-11,1500.2483694239206,1201989.3
2024-11-12,1503.6744622867732,1730541.4
2024-11-13,1508.7296118308786,1780899.0
2024-11-14,1501.4039042783222,1786153.4
2024-11-15,1510.0000000000002,1799832.8
2024-11-16,1453.209048279514,1659795.1
2024-11-17,1311.0777513697997,1484614.9
2024-11-18,1404.926254763977,1153180.3
2024-11-19,1464.3303407560297,1586948.0
2024-11-20,1322.1601037752503,1495519.4
2024-11-21,1415.5791289553483,952476.2
2024-11-22,1043.5507183804223,942519.7
2024-11-23,1016.6041208698016,944270.6
2024-11-24,825.8016463900605,247304.7
2024-11-25,1136.9214336685727,1293175.1
2024-11-26,1041.8626283708877,1489444.4
2024-11-27,990.830286192245,1407680.7
2024-11-28,898.816194878158,1304573.6
2024-11-29,1018.9698773388493,1214010.3
2024-11-30,1281.7535518585582,1453440.9
2024-12-01,1209.9877530131494,1229179.2
2024-12-02,1267.7030733861154,1563675.9
2024-12-03,1476.0011755732626,1716787.6
2024-12-04,1456.797651324708,1712554.1
2024-12-05,1405.0669353553267,1669487.9000000001
2024-12-06,1468.2905362194836,1728473.0
2024-12-07,1294.4094724088277,1602177.3
2024-12-08,1049.7094792650619,1143237.1
2024-12-09,1351.501224902555,1440144.6
2024-12-10,1378.461409970255,1722188.6
2024-12-11,1407.6791459126637,1645027.2
2024-12-12,1222.4641089605743,1212513.8
2024-12-13,1073.670451326175,1286033.1
2024-12-14,1200.383199712294,1091391.5
2024-12-15,942.8568840745462,313630.0
2024-12-16,1228.3286913795216,911636.2
2024-12-17,1282.448750688503,1100648.8
2024-12-18,1235.231121110648,1283131.6
2024-12-19,1064.7741575566772,1234802.0
2024-12-20,1139.2950285941404,1022496.2000000001
2024-12-21,1127.5604869164158,1611836.6
2024-12-22,1139.6523224187224,1364849.4
2024-12-23,1333.8128239631978,1273466.1
2024-12-24,1209.560470232367,1654562.2
2024-12-25,1261.1919038203323,1530181.0
2024-12-26,1274.9722416838013,1525883.4
2024-12-27,1326.812098658545,1245863.7
2024-12-28,1026.1574838998213,583478.0
2024-12-29,983.6502032077448,375740.6
2024-12-30,1101.1198141832133,920089.1
2024-12-31,979.4057631131818,621039.2
2025-01-01,909.135157763629,131992.4
2025-01-02,1023.008279175572,628231.9
2025-01-03,946.123064741118,1052094.9
2025-01-04,1125.4272304782387,1515558.7
2025-01-05,997.8430263119936,1243813.0
2025-01-06,944.4161344649526,1131446.5
2025-01-07,938.6510642981473,430133.7
2025-01-08,963.2282003142965,1034947.1
2025-01-09,1123.5557924246073,1153360.7
2025-01-10,1066.4468717745458,1080975.7
2025-01-11,1088.4387648042766,1156930.9
2025-01-12,1059.5545352303707,875603.9
2025-01-13,1414.7955534853807,1296165.4
2025-01-14,1396.8096595828233,1679954.3
2025-01-15,1325.4202486205352,1700297.6
2025-01-16,1465.8763910953228,1404722.5
2025-01-17,1448.4047658350075,1679410.3
2025-01-18,1449.8742444885638,1645678.2
2025-01-19,1408.1634708679433,1493552.3
2025-01-20,1534.4728069561857,1456525.3
2025-01-21,1430.0386098690644,1645531.9
2025-01-22,1402.8832893197807,1619761.7
2025-01-23,1250.9091965700038,1558532.3
2025-01-24,1075.1787522292916,1483352.5
2025-01-25,999.3595478825,1104146.6
2025-01-26,1079.772336287617,542398.8
2025-01-27,876.2423944571965,239654.9
2025-01-28,1432.6550457776561,668811.0
2025-01-29,961.9740485042494,418629.3
2025-01-30,1082.6320008813962,516113.2
2025-01-31,1113.7842250090625,723288.2
2025-02-01,1202.7966715795396,739852.2
2025-02-02,1312.3209750615479,928177.1
2025-02-03,1121.6466683565175,1132881.0
2025-02-04,1075.3675010085792,1286413.7
2025-02-05,1040.3674629608297,1172048.4
2025-02-06,1141.9233961022514,1357439.9
2025-02-07,1104.0318186458055,1579843.8
2025-02-08,1004.7607858536882,1385660.1
2025-02-09,1159.879516621733,1362550.5
2025-02-10,1422.137656161353,1577963.4
2025-02-11,1544.5602418698352,1685408.6
2025-02-12,1473.2482952730688,1708533.4
2025-02-13,1514.2142970768862,1720042.6
2025-02-14,1554.8093344624988,1724547.6
2025-02-15,1618.9515232631813,1708278.8
2025-02-16,1549.2997649829454,1537131.0
2025-02-17,1497.8109737338975,1676815.2
2025-02-18,1488.806496155873,1758383.7
2025-02-19,1581.2476884915395,1764995.4
2025-02-20,1538.6871561657315,1744389.1
2025-02-21,1540.2826496012344,1757900.6
2025-02-22,1453.0881371514474,1691037.2
2025-02-23,1475.043435034567,1527771.7
2025-02-24,1555.8456458443177,1509163.7
2025-02-25,1383.5636685724123,1645252.6
2025-02-26,1245.9917568425756,1569741.5
2025-02-27,1189.8570468738092,1414888.2
2025-02-28,1339.5801296453865,1740565.6
2025-03-01,1363.5148111594153,1707557.2
2025-03-02,1266.317594677536,1540162.6
2025-03-03,1503.1988372605788,1720361.9
2025-03-04,1658.936167019239,1820193.9
2025-03-05,1662.5711226162023,1828720.8
2025-03-06,1656.9616642911406,1811879.2
2025-03-07,1360.2384838227654,1778391.1
2025-03-08,1213.3269569711783,1649747.7
2025-03-09,1180.2576799541152,1577774.7
2025-03-10,1305.0816790688127,1736449.5
2025-03-11,1330.272027541224,1719190.1
2025-03-12,1426.6422059203499,1837675.1
2025-03-13,1482.1319289688274,1858533.3
2025-03-14,1454.0105354516022,1844317.2
2025-03-15,1586.3916370025897,1765700.2
2025-03-16,1408.3753067214257,1470003.6
2025-03-17,1214.4894331325029,1741384.9
2025-03-18,1306.353656351911,1801354.7
2025-03-19,1189.5507586869169,1803925.4
2025-03-20,1360.6314207711346,1796243.7
2025-03-21,1314.9769275110461,1713728.7
2025-03-22,1291.040575042936,1641153.8
2025-03-23,1220.1509056660977,1480240.9
2025-03-24,1186.145263899675,1741166.6
2025-03-25,1363.3966052395715,1807460.8
2025-03-26,1336.9492253632338,1836743.7
2025-03-27,1549.7701544800016,1832859.9
2025-03-28,1561.9598054673634,1859609.3
2025-03-29,1270.5757798219126,1765642.1
2025-03-30,1149.7557778433477,1429683.5
2025-03-31,1308.2166007859244,1623514.9
2025-04-01,1274.9883002150586,1729341.3
2025-04-02,1507.5658714997833,1754805.6
2025-04-03,1359.3827484915314,1783812.3
2025-04-04,1294.0066541978094,1782459.5
2025-04-05,1490.5131016133616,1747698.3
2025-04-06,1249.275929754398,1435648.6
2025-04-07,973.6976214390926,467500.2
2025-04-08,1232.4359158971047,1424392.1
2025-04-09,1283.1918651964645,1850783.8
2025-04-10,1493.130905928162,1883420.2
2025-04-11,1191.687839563524,1870994.1
2025-04-12,1371.1145784496566,1827214.5
2025-04-13,1325.9012198418804,1525178.0
2025-04-14,1041.9537857706887,1745096.4
2025-04-15,1065.8203740895194,1810485.9
2025-04-16,1266.7025975591685,1843609.4
2025-04-17,1490.8308249832883,1899862.0
2025-04-18,1390.0233793333095,1916742.3
2025-04-19,1498.0958653817158,1910091.2
2025-04-20,1512.4377110539074,1744132.6
2025-04-21,1211.1639208533502,1804220.4
2025-04-22,1497.1543427768227,1953356.4
2025-04-23,1439.755821505468,1969855.3
2025-04-24,1620.608117758415,1960062.9
2025-04-25,1458.1194938680392,1887430.5
2025-04-26,1480.8941408658395,1875713.8
2025-04-27,1308.631952520128,1720950.3
2025-04-28,1356.7355891748796,1841450.2
2025-04-29,1394.5118068952233,1796214.5
2025-04-30,1340.5279316009794,1010651.9
2025-05-01,1146.8881215778065,974243.6
2025-05-02,1507.7473029654427,1598031.1
2025-05-03,1680.918110425943,1758222.7
2025-05-04,1664.3953229418844,1687130.8
2025-05-05,1633.148438922937,1885646.5
2025-05-06,1664.2494154125607,2000602.0
2025-05-07,1635.2450507014044,2060152.0
2025-05-08,1512.9054815077575,2092591.0
2025-05-09,1621.1504513399302,2088380.7
2025-05-10,1272.9892737711236,1898451.5
2025-05-11,1038.3333444377377,982406.0
2025-05-12,1294.034306365906,1740886.6
2025-05-13,1436.2929691740183,1868404.4
2025-05-14,1447.5775214911782,1921179.0
2025-05-15,1362.364512418471,1797854.2
2025-05-16,1150.051326117503,1894686.1
2025-05-17,1160.4125437778612,1870021.7
2025-05-18,1111.5218645526916,1441291.1
2025-05-19,1252.7090214211953,1875866.4
2025-05-20,1090.533738548712,1732754.9
2025-05-21,1091.772126552143,1982582.0
2025-05-22,1065.7832303117075,1983724.6
2025-05-23,986.1136770307942,1731485.2
2025-05-24,971.0852498655047,1070297.8
2025-05-25,887.8417550355571,215120.2
2025-05-26,1138.1531282091871,814929.9
2025-05-27,1120.6076728032715,1592726.5
2025-05-28,962.8506201260229,1473716.9
2025-05-29,927.4619920783132,1479230.4
2025-05-30,968.5429718604926,969892.6
2025-05-31,730.5386498199551,815656.7
2025-06-01,802.50470076585,568714.5
2025-06-02,1131.279180434053,1920991.6
2025-06-03,955.4563215131304,1766644.8
2025-06-04,912.2572179533116,1936931.8
2025-06-05,907.0190414325268,1839800.9
2025-06-06,1020.8571865283346,2025234.4
2025-06-07,1012.0977640009647,1403526.5
2025-06-08,1014.4596188861168,650824.1
2025-06-09,914.9233820244705,766358.5
2025-06-10,660.8520227406315,125726.5
2025-06-11,625.7062523807092,166347.5
2025-06-13,819.1273253118978,341962.9
2025-06-14,979.6012014044035,710664.7
2025-06-15,830.8963006079315,615891.6
2025-06-16,1044.9319670877505,1269105.0
2025-06-17,939.9892200962367,1662193.8
2025-06-18,988.5916569309401,1431449.4
2025-06-19,911.611279509845,1454617.1
2025-06-20,679.9831946205218,1532327.1
2025-06-21,752.1429915425151,1170478.0
2025-06-22,945.8480198127984,144240.1
2025-06-23,966.4947782669952,940299.8
2025-06-24,873.9458304588876,1523540.2
2025-06-25,865.4787488343621,1764763.3
2025-06-26,766.4237478982393,1058267.5
2025-06-27,961.2425656105455,86435.8
2025-06-28,915.6867092131467,387932.6
2025-06-29,713.0604008329541,106800.6
2025-06-30,1024.2669727200016,832569.7
2025-07-01,1010.0826935777806,937875.2
2025-07-02,922.2852628113717,1037630.9
2025-07-03,863.312481842725,895712.6
2025-07-04,1013.8862595107626,1029778.1
2025-07-05,1144.8662621837277,1329621.8
2025-07-06,973.9999459726693,840954.0
2025-07-07,1061.3695271954157,1158967.4
2025-07-08,996.01867427766,1251225.2
2025-07-09,895.7118845798434,1235839.6
2025-07-10,1047.6661058692662,932229.0
2025-07-11,1021.6341540568742,1369187.2
2025-07-12,1026.5369112422948,1187306.5
2025-07-13,848.7250088528734,870293.7
2025-07-14,1078.4464619545834,1299268.2
2025-07-15,1130.7089335308533,1348589.6
2025-07-16,1002.3056399148395,1496097.2
2025-07-17,958.4131733335975,1438390.5
2025-07-18,1143.5763410023517,620792.2
2025-07-19,963.038185040061,682046.9
2025-07-20,802.3407083694098,140558.3
2025-07-21,1085.8650882081959,688021.1
2025-07-22,1199.0313680825857,879242.9
2025-07-23,1207.2168614763664,1482539.8
2025-07-24,1205.1169397183144,1562242.3
2025-07-25,1070.239188937609,1416131.5
2025-07-26,1113.3930139645336,1462526.5
2025-07-27,516.6579801288981,596006.2
2025-07-28,947.034427956564,703894.8
2025-07-29,1319.8553623596483,756322.9
2025-07-30,1088.1341529218862,1461198.3
2025-07-31,1054.9879182697132,1451153.6
2025-08-01,1130.4507735239977,1295702.4
2025-08-02,1279.0226505453093,1737279.3
2025-08-03,1172.6224585840823,1076159.9
2025-08-04,1119.5419919223214,1489586.3
2025-08-05,912.2747496113793,561794.3
2025-08-06,863.5838558514872,1079761.4
2025-08-07,1176.8633558116185,1004075.7
2025-08-08,1127.6993418794673,1299987.4
2025-08-09,834.1444774011908,947280.0
2025-08-10,756.438353437323,311755.7
2025-08-11,1062.073037461177,536598.2
2025-08-12,1321.1378025883944,567301.5
2025-08-13,1189.0816439147732,582961.0
2025-08-14,1173.4756090485848,883221.0
2025-08-15,954.6186293427653,1078946.7
2025-08-16,1108.8044374381634,1155366.5
2025-08-17,997.7577515149688,338604.3
2025-08-18,1393.1055001452244,806340.6
2025-08-19,1085.700282658579,1539914.7
2025-08-20,1128.0584141763893,1563935.6
2025-08-21,859.1142569960533,468925.1
2025-08-22,955.7839399488173,766349.6
2025-08-23,952.8153449144211,1221025.2
2025-08-24,762.485652499473,484810.2
2025-08-25,840.501672080106,965492.2
2025-08-26,1010.6568840492002,978873.8
2025-08-27,1102.2120638225342,1298369.0
2025-08-28,1031.9896675783705,971514.4
2025-08-29,1040.085582939486,1000429.4
2025-08-30,1161.1730717379464,1183677.6
2025-08-31,932.70401502897,640715.9
2025-09-01,899.9678285678843,90288.8
2025-09-03,1132.7856300173391,1039400.6
2025-09-04,1402.3530810740376,1664072.8
2025-09-05,1217.097011933497,1793514.5
2025-09-06,955.2768098952613,1176118.5
2025-09-07,798.1044227429314,758977.7999999999
2025-09-08,1284.9971347733378,1094603.0
2025-09-09,1034.7928133323785,756964.7
2025-09-10,977.7467984910162,499541.5
2025-09-11,1155.9061176636146,176587.3
2025-09-12,978.4018299029962,490423.1
2025-09-13,878.95190827863,1157842.5
2025-09-14,862.6796463609448,270112.7
2025-09-15,1127.184903232767,963004.7
2025-09-16,811.905509882898,1158349.5
2025-09-17,869.1172303418974,1081356.9
2025-09-18,1009.6047180980506,783846.3
2025-09-19,1058.9767742350039,608192.6
2025-09-20,923.9209753718216,1208006.5
2025-09-21,703.6515957048338,494388.3
2025-09-22,937.4748082594726,647457.8
2025-09-23,924.0651164915766,603985.3
2025-09-24,843.0470354318757,739249.6
2025-09-25,1065.6602162799973,593159.8
2025-09-26,1017.7946880490815,629938.2
2025-09-27,971.7408941377288,718834.0
2025-09-28,942.1058272687171,187027.5
2025-09-29,1086.890845561038,1016828.9
2025-09-30,1087.6614807074668,959485.2
2025-10-01,896.203640113513,722525.6
2025-10-02,1038.7288339418972,511395.10000000003
2025-10-03,946.4928450080554,387189.8
2025-10-04,883.3522388191552,516179.7
2025-10-06,1114.9792829732528,693205.8
2025-10-07,981.0435066996847,1115433.1
2025-10-08,943.9135607394666,988745.1
2025-10-09,1012.5532038491574,963462.9
2025-10-10,1004.6980693888172,1101998.9
2025-10-11,936.0945362522771,625036.6
2025-10-12,971.6540000000001,39897.6
2025-10-13,1212.4855461051766,269430.7
2025-10-14,1063.4423346702763,355462.7
2025-10-15,672.3761381938813,184426.4
2025-10-16,1262.2985619300032,226722.9
2025-10-17,1145.464892481689,227458.0
2025-10-18,954.1953313389263,218193.5
2025-10-19,939.5679999999999,41130.0
2025-10-20,1177.0712928456655,331460.6
2025-10-21,1191.2183305004312,344734.8
2025-10-22,1233.1027102082173,308130.2
2025-10-23,1206.056544748431,339141.5
2025-10-24,1257.678205990308,306091.1
2025-10-25,1212.6790165248435,397631.6
2025-10-26,977.533,40218.6
2025-10-27,1284.8390751170548,505062.4
2025-10-28,1169.8047767210542,305609.2
2025-10-29,1241.6133832695937,178773.90000000002
2025-10-30,1288.8579418614738,262875.6
2025-10-31,1181.3781946319452,392279.9
2025-11-01,1276.1772043103492,241168.4
2025-11-02,1150.0696505878109,79311.20000000001
2025-11-03,1263.0448813031308,169487.2
2025-11-04,1291.550995064412,497569.9
2025-11-05,1119.7410494582216,377995.8
2025-11-06,1150.6835387835101,178826.0
2025-11-07,1208.0312647775208,180522.5
2025-11-08,1194.1767390701684,209431.4
2025-11-09,1341.6936884540064,117753.4
2025-11-10,1208.1317351469618,221993.3
