date,max_power_thuong_pham_MW,max_power_thuong_pham_time,generation_thuong_pham_mkWh,max_power_dau_cuc_MW,max_power_dau_cuc_time,generation_dau_cuc_mkWh,thuy_dien_mkWh,nhiet_dien_than_mkWh,tuabin_khi_mkWh,nhiet_dien_dau_mkWh,dien_gio_mkWh,dmt_trang_trai_mkWh,dmt_mai_thuong_pham_mkWh,dmt_mai_dau_cuc_mkWh,nhap_khau_mkWh,khac_mkWh
2024-06-01,41421.8,15:40,868.0,41798.1,15:40,873.7,207.3,456.5,84.7,0,16.9,49.1,32.4,38.1,18.6,2.5
2024-06-02,39679.0,21:35,830.0,39679.0,21:35,833.5,172.4,471.8,66.9,0,20.3,45.8,31.4,34.9,19.0,2.3
2024-06-03,47315.1,13:40,959.1,47942.2,13:40,964.9,226.4,518.7,76.9,0,32.0,48.7,33.4,39.1,20.7,2.4
2024-06-04,46300.6,13:35,975.5,46936.5,13:35,981.2,257.5,498.0,82.2,0,26.1,53.7,36.2,41.9,19.4,2.4
2024-06-05,43397.8,15:05,942.2,43875.1,13:45,947.8,289.4,455.2,72.6,0,29.1,46.9,28.4,34.1,18.2,2.3
2024-06-06,42599.4,15:35,912.2,43660.7,15:35,917.9,300.5,422.4,70.5,0,19.1,49.3,33.1,38.9,15.2,2.1
2024-06-07,42383.1,14:00,906.9,42963.0,14:00,912.4,303.8,417.9,72.7,0,22.8,43.2,24.3,29.8,20.5,1.7
2024-06-08,41407.1,15:35,877.2,41860.6,15:35,883.8,325.7,364.9,66.1,0,24.2,44.2,29.2,35.9,20.5,2.3
2024-06-09,35971.2,19:00,767.0,35971.2,19:00,772.5,262.6,351.9,58.3,0,23.9,32.6,19.9,25.3,15.4,2.4
2024-06-10,41289.9,15:35,857.4,41640.5,15:30,862.7,327.4,355.3,58.7,0,25.8,42.3,25.4,30.8,20.0,2.4
2024-06-11,44366.3,14:20,922.8,44835.5,14:20,928.1,343.3,376.3,62.9,0,27.4,54.8,37.0,42.4,18.7,2.4
2024-06-12,46189.9,14:00,965.8,46725.5,13:40,971.2,347.9,403.2,64.5,0,35.2,53.7,37.8,43.2,21.0,2.4
2024-06-13,47882.1,21:45,1005.4,48167.7,13:40,1010.7,350.1,421.9,78.2,0,40.9,55.2,39.3,44.7,17.4,2.4
2024-06-14,48363.4,14:25,1020.0,48847.7,13:30,1025.3,332.0,450.5,99.5,0,35.3,51.0,34.5,39.8,14.8,2.4
2024-06-15,46086.9,14:30,978.7,46575.2,13:30,983.9,337.2,423.9,85.4,0,28.7,53.4,31.8,37.0,15.8,2.4
2024-06-16,40269.3,14:30,869.3,40731.8,14:30,872.3,292.2,395.8,65.7,0,19.0,48.5,32.1,35.1,13.6,2.4
2024-06-17,48152.0,13:40,970.2,48782.0,13:40,976.1,311.2,436.7,84.1,0,30.6,53.5,36.3,42.2,15.5,2.4
2024-06-18,47814.0,14:30,995.2,48323.0,14:30,1001.1,328.6,442.3,81.2,0,37.2,53.1,35.0,40.8,15.5,2.3
2024-06-19,48879.5,13:30,1016.1,49532.6,13:30,1021.9,344.6,466.4,78.4,0,34.0,45.1,30.6,36.4,14.6,2.3
2024-06-20,47128.4,14:30,991.7,47637.4,14:30,997.5,352.8,461.1,86.0,0,28.3,26.8,16.8,22.5,17.5,2.4
2024-06-21,45933.1,14:15,973.9,46499.2,13:05,979.5,362.3,446.0,78.6,0,19.4,30.2,17.7,23.3,17.3,2.4
2024-06-22,43820.0,13:35,926.7,44440.9,13:35,932.6,357.0,409.3,51.6,0,34.1,35.9,20.1,26.0,16.4,2.3
2024-06-23,37051.3,21:35,817.8,37051.3,21:35,821.1,287.5,365.5,37.5,0,45.7,35.6,24.3,27.6,19.3,2.3
2024-06-24,41834.1,16:15,873.4,42223.3,14:45,879.3,339.4,383.1,42.6,0,32.6,37.4,18.6,24.5,17.3,2.3
2024-06-25,42079.9,15:35,896.6,42506.5,14:45,902.6,352.7,399.3,30.4,0,17.1,46.0,29.6,35.6,19.1,2.3
2024-06-26,42543.9,15:45,894.2,42902.3,15:45,900.2,370.3,381.7,37.5,0,7.0,44.4,30.5,36.5,20.5,2.3
2024-06-27,42581.1,15:45,896.0,43008.4,14:30,901.9,375.5,369.3,46.1,0,4.2,47.9,29.7,35.6,20.9,2.4
2024-06-28,42455.4,15:00,902.7,42999.2,14:10,908.7,378.0,368.9,45.8,0,6.7,48.8,30.2,36.3,21.9,2.4
2024-06-29,43736.6,13:55,910.5,44364.1,13:55,916.6,380.1,351.2,45.8,0,18.8,53.1,37.1,43.1,22.0,2.4
2024-06-30,39615.4,22:10,841.9,39615.4,22:10,845.4,328.6,338.2,39.4,0,27.5,51.3,32.2,35.7,22.3,2.4
2024-07-01,45273.8,13:50,941.4,45776.3,13:50,946.5,368.1,375.4,52.6,0,39.0,50.3,33.7,38.9,19.9,2.3
2024-07-02,45607.9,13:40,958.6,46132.5,13:40,963.7,380.1,382.0,67.6,0,18.8,51.8,35.4,40.5,20.7,2.2
2024-07-03,43130.8,15:45,917.3,43533.7,14:25,922.5,383.2,363.6,63.8,0,9.3,45.7,29.2,34.4,20.3,2.2
2024-07-04,42859.7,14:20,907.1,43279.4,14:10,912.2,395.8,362.6,54.3,0,11.1,40.1,24.4,29.5,16.6,2.2
2024-07-05,43979.6,14:30,921.0,44401.3,14:25,926.2,393.2,359.4,51.3,0,11.0,51.0,36.1,41.3,16.7,2.3
2024-07-06,43514.5,14:15,919.5,44067.0,14:15,924.1,385.0,364.6,52.2,0,8.1,52.3,38.0,42.7,16.9,2.3
2024-07-07,38567.4,22:10,836.8,38567.4,22:10,841.1,353.9,343.4,44.7,0,8.3,40.8,29.2,33.5,14.2,2.3
2024-07-08,45875.9,14:25,934.7,46386.1,14:25,939.8,394.8,383.4,54.3,0,7.6,46.8,31.5,36.6,14.2,2.2
2024-07-09,46298.4,14:30,964.3,46808.9,14:30,969.4,404.9,389.6,63.0,0,15.4,42.7,28.9,34.0,17.7,2.2
2024-07-10,44488.6,13:35,949.6,45059.0,13:35,954.7,391.5,369.9,59.1,0,30.6,48.7,32.0,37.2,15.7,2.2
2024-07-11,44845.4,14:20,944.3,45355.2,14:20,949.3,393.3,366.2,59.9,0,33.8,46.3,28.4,33.5,14.1,2.2
2024-07-12,45334.0,14:25,956.4,45844.2,14:25,961.6,395.7,370.2,51.3,0,47.9,44.2,30.3,35.5,14.5,2.3
2024-07-13,43469.0,13:50,923.5,43988.2,14:00,928.9,400.1,360.8,42.1,0,43.1,38.9,23.4,28.8,12.8,2.3
2024-07-14,37133.7,0:30,795.4,37133.7,0:30,801.6,354.0,305.2,34.3,0,40.9,29.8,16.3,22.5,12.6,2.4
2024-07-15,42585.2,14:20,879.0,43138.1,14:20,884.6,399.9,320.2,40.8,0,39.6,38.1,24.0,29.6,14.2,2.3
2024-07-16,42133.7,14:50,883.9,42624.7,14:50,889.5,416.3,317.8,42.9,0,31.7,35.7,20.7,26.2,16.5,2.3
2024-07-17,40864.9,15:55,870.5,41161.1,15:55,875.9,397.5,322.8,45.6,0,34.6,35.6,15.1,20.5,17.1,2.3
2024-07-18,41188.9,15:25,868.3,41591.5,15:20,873.8,395.7,309.9,47.9,0,43.1,34.4,20.5,26.0,14.4,2.3
2024-07-19,40675.9,15:30,860.0,41056.5,15:30,865.5,405.8,296.9,48.8,0,34.3,37.7,21.0,26.5,13.2,2.3
2024-07-20,39831.8,13:30,843.1,40573.8,13:30,849.2,419.9,280.5,42.4,0,33.0,35.1,15.6,21.7,14.2,2.3
2024-07-21,35837.1,20:45,778.0,35837.1,20:45,782.6,374.3,257.0,35.8,0,41.9,34.2,21.0,25.6,11.3,2.4
2024-07-22,41654.5,15:50,867.2,41979.0,15:50,872.7,410.1,291.9,45.7,0,54.1,33.7,16.2,21.7,13.2,2.3
2024-07-23,40989.5,15:35,876.0,41332.3,15:35,881.6,401.3,271.3,50.6,0,70.0,42.5,25.3,30.9,13.0,1.9
2024-07-24,42220.9,15:30,890.1,42581.1,14:30,895.8,401.9,277.3,52.2,0,73.2,43.0,27.7,33.4,12.4,2.4
2024-07-25,42180.9,15:50,892.2,42505.6,15:50,897.7,412.6,272.3,52.4,0,76.9,37.9,19.3,24.9,18.4,2.4
2024-07-26,44785.6,14:20,937.1,45327.9,14:20,942.8,424.0,313.9,45.9,0,70.6,36.4,21.3,26.9,23.0,2.0
2024-07-27,44367.6,13:25,939.4,44828.2,13:25,943.6,424.1,328.8,45.4,0,55.4,38.3,23.8,28.0,21.7,1.8
2024-07-28,37533.0,21:40,815.4,37533.0,21:40,818.4,384.0,283.8,36.5,0,40.0,32.0,20.7,23.6,16.6,1.8
2024-07-29,41490.3,16:15,871.5,41746.0,16:15,875.4,402.0,286.5,46.2,0,43.9,44.9,28.8,32.7,17.3,1.8
2024-07-30,42041.1,15:55,886.2,42332.6,15:55,890.0,403.5,289.8,55.3,0,37.5,47.2,30.1,33.8,21.0,1.8
2024-07-31,41730.8,16:00,875.1,42015.8,16:00,879.2,400.8,286.4,47.1,0,38.5,46.8,31.9,36.0,21.8,1.8
2024-08-01,41986.2,16:00,887.8,42269.6,16:00,891.6,427.2,273.1,50.3,0,30.6,51.1,33.9,37.7,19.7,1.8
2024-08-02,41084.2,15:10,877.9,41509.6,14:30,881.7,421.6,283.4,50.9,0,22.0,48.2,32.4,36.2,17.7,1.8
2024-08-03,40169.7,15:35,856.4,40619.5,14:25,860.0,411.6,276.8,50.5,0,18.0,49.6,29.9,33.5,18.3,1.8
2024-08-04,35669.3,21:40,787.2,35669.3,21:40,789.6,385.2,254.6,42.9,0,15.7,42.4,27.6,30.1,16.9,1.8
2024-08-05,45520.8,14:20,909.5,46089.1,14:20,914.2,422.7,311.8,50.9,0,15.0,51.8,36.3,41.0,19.1,1.8
2024-08-06,45512.3,13:15,957.6,46129.3,13:15,962.4,438.1,343.6,54.7,0,17.4,48.1,33.2,38.1,20.7,1.8
2024-08-07,46911.3,14:25,974.9,47506.3,13:20,979.8,443.2,347.4,56.1,0,18.2,52.8,36.8,41.7,18.7,1.8
2024-08-08,47955.4,13:40,995.8,48571.2,13:40,1000.5,440.1,356.8,62.9,0,24.1,53.8,37.5,42.3,18.7,1.8
2024-08-09,48954.6,14:05,1015.8,49547.0,14:05,1020.7,435.1,371.4,66.2,0,34.5,51.0,36.6,41.5,19.1,1.8
2024-08-10,48912.7,13:35,1009.9,49286.4,13:35,1013.5,421.5,376.1,60.5,0,40.3,53.0,38.0,41.6,18.8,1.8
2024-08-11,40849.5,0:30,850.0,40849.5,0:30,852.2,353.1,336.0,42.2,0,36.2,42.3,27.3,29.5,11.1,1.8
2024-08-12,45675.5,14:40,924.1,46173.0,14:40,929.7,401.0,341.9,41.3,0,44.1,51.3,32.4,38.1,10.2,1.8
2024-08-13,45764.3,14:25,955.7,46291.2,14:25,961.3,422.9,346.0,50.0,0,25.6,54.7,37.8,43.4,16.8,1.8
2024-08-14,45063.8,15:50,955.6,45460.3,14:25,961.3,426.8,342.6,54.9,0,20.6,53.3,37.0,42.6,18.6,1.8
2024-08-15,45646.8,14:20,953.3,46182.6,14:20,959.0,435.3,350.1,44.2,0,16.9,53.9,36.5,42.2,14.5,1.8
2024-08-16,46368.2,14:35,963.1,46877.7,14:30,968.8,440.7,356.6,41.8,0,19.4,51.6,34.5,40.2,16.6,1.9
2024-08-17,43733.0,14:00,919.5,44281.4,14:00,925.4,426.4,338.1,36.7,0,17.4,50.4,32.3,38.2,16.4,1.9
2024-08-18,39747.8,21:35,842.0,39747.8,21:35,844.8,381.9,314.5,31.0,0,14.3,52.7,32.4,35.1,13.3,1.9
2024-08-19,46671.2,13:35,952.2,47321.8,13:35,958.4,436.6,341.9,43.5,0,21.5,54.3,36.4,42.6,16.2,1.8
2024-08-20,47263.0,14:10,977.0,47881.4,14:10,983.1,440.4,362.3,49.7,0,20.3,52.2,35.9,42.0,14.3,1.9
2024-08-21,45857.0,13:40,968.3,46506.7,13:40,974.4,439.8,372.6,42.0,0,16.2,50.7,33.1,39.2,12.1,1.8
2024-08-22,47307.4,13:40,983.8,47957.2,13:40,989.9,448.9,373.3,47.6,0,8.2,55.6,36.8,42.9,11.5,1.8
2024-08-23,43054.5,15:30,921.9,43485.0,15:30,927.9,421.4,342.4,48.7,0,9.3,51.6,32.4,38.4,14.1,1.9
2024-08-24,42363.8,15:25,884.7,42822.5,15:25,890.1,402.9,335.5,42.3,0,9.0,49.6,31.4,36.7,12.1,1.9
2024-08-25,36468.1,18:45,784.6,36477.4,18:45,787.5,355.8,312.3,27.5,0,14.0,37.6,26.6,29.5,9.0,1.8
2024-08-26,43792.0,14:45,895.2,44338.6,14:45,901.6,408.1,335.9,36.0,0,18.0,49.2,32.8,39.1,13.5,1.8
2024-08-27,44459.1,15:35,923.4,45052.9,13:50,929.7,420.1,349.4,45.4,0,19.2,45.3,27.3,33.6,15.1,1.7
2024-08-28,45855.4,13:45,959.9,46508.7,13:45,966.1,438.4,334.6,60.9,0,34.6,46.2,27.5,33.7,16.0,1.8
2024-08-29,45751.0,13:30,962.8,46444.9,13:30,969.1,426.9,337.3,66.9,0,39.4,46.4,27.6,34.0,16.6,1.8
2024-08-30,42715.3,14:20,921.8,43328.8,14:20,928.2,423.4,318.4,59.4,0,29.5,44.2,28.1,34.5,17.1,1.8
2024-08-31,39725.0,13:40,849.1,40713.6,13:30,853.9,413.3,293.5,41.1,0,18.4,40.4,22.6,27.4,18.0,1.8
2024-09-01,32466.9,0:40,712.5,32466.9,0:40,715.9,355.9,251.3,32.1,0,15.0,26.3,17.9,21.3,12.2,1.8
2024-09-02,31425.7,21:35,648.8,31425.7,21:35,653.4,309.6,240.7,25.0,0,14.8,23.1,22.8,27.4,11.1,1.8
2024-09-03,34375.5,21:35,707.4,34375.5,21:35,713.7,326.0,248.3,21.9,0,25.6,43.1,26.1,32.4,14.5,1.8
2024-09-04,43686.2,14:25,879.1,44223.4,14:25,885.2,408.3,314.4,32.1,0,42.2,39.5,21.2,27.3,19.4,1.8
2024-09-05,45580.7,14:25,949.2,46129.7,14:10,955.5,437.7,339.4,39.9,0,51.2,36.2,22.0,28.3,21.0,1.8
2024-09-06,43483.1,13:30,915.1,44171.2,13:30,921.2,421.7,312.7,39.8,0,66.6,35.6,17.4,23.6,19.4,1.8
2024-09-07,35526.9,8:50,739.5,36147.9,8:50,745.1,304.2,253.9,35.3,0,67.5,39.1,24.8,30.3,12.9,1.8
2024-09-08,32971.8,18:25,649.0,32978.3,18:25,653.8,294.3,202.3,23.1,0,44.3,44.6,26.4,31.1,12.3,1.8
2024-09-09,40547.3,18:20,828.5,40792.2,15:25,834.3,399.0,253.8,44.6,0,32.8,49.9,30.6,36.3,16.0,1.8
2024-09-10,40081.2,18:20,838.9,40320.5,15:30,844.6,403.7,280.9,44.9,0.2,20.8,46.2,23.9,29.6,16.6,1.8
2024-09-11,39771.7,18:15,825.3,39840.0,15:25,831.0,405.5,276.9,44.7,0,16.8,42.5,22.0,27.6,15.1,1.8
2024-09-12,40268.2,18:25,831.7,40273.1,18:25,837.4,386.6,289.0,45.1,0,16.7,47.4,29.3,35.1,15.8,1.8
2024-09-13,40878.3,16:25,849.1,41204.3,14:55,854.8,395.2,293.4,43.4,0,29.3,42.1,26.9,32.7,16.8,1.8
2024-09-14,39910.8,14:55,843.4,40418.8,14:55,848.7,409.7,273.5,37.9,0,39.2,43.2,24.0,29.3,14.2,1.8
2024-09-15,36127.1,18:20,784.6,36134.2,18:20,789.2,394.3,265.9,23.1,0,34.6,34.8,18.7,23.2,11.5,1.8
2024-09-16,41756.8,15:20,861.7,42164.1,15:20,867.0,426.6,289.7,31.6,0,35.1,39.7,24.1,29.3,13.3,1.7
2024-09-17,40377.7,18:20,867.7,40683.3,15:40,872.8,432.6,297.1,38.1,0,30.2,33.8,16.9,22.1,17.2,1.8
2024-09-18,41007.5,18:20,873.1,41014.4,18:20,878.1,441.5,294.4,35.5,0,40.1,27.6,13.5,18.5,18.7,1.8
2024-09-19,41591.3,17:55,871.8,41624.2,17:55,877.1,421.0,273.2,39.7,0,54.3,42.4,24.2,29.4,15.3,1.8
2024-09-20,41821.8,16:25,880.7,41821.8,16:25,885.9,433.2,288.6,41.5,0,47.3,32.6,20.6,25.8,15.2,1.8
2024-09-21,39035.9,15:50,834.0,39468.7,14:35,839.4,411.2,284.4,33.2,0,41.2,29.9,14.8,20.2,17.5,1.8
2024-09-22,36220.6,18:05,734.6,36244.9,18:05,740.1,372.5,264.7,22.5,0,24.4,23.8,10.6,16.1,14.2,1.8
2024-09-23,41401.0,18:10,808.9,41412.1,18:10,814.4,386.5,300.7,29.3,0,15.0,40.8,21.3,26.8,13.5,1.8
2024-09-24,42040.0,18:20,848.9,42046.4,18:20,854.5,414.7,321.7,32.3,0,2.6,36.8,20.7,26.3,18.2,1.8
2024-09-25,42375.5,18:20,861.0,42381.1,18:20,866.3,400.8,320.9,36.8,0,5.9,50.2,29.0,34.3,15.5,1.8
2024-09-26,42519.8,18:15,865.1,42526.5,18:15,870.7,412.9,328.3,36.0,0,10.7,35.1,21.7,27.4,18.6,1.8
2024-09-27,42742.7,16:00,891.9,43159.2,14:45,897.3,425.1,320.5,39.6,0,12.0,45.9,31.0,36.4,16.0,1.8
2024-09-28,42322.0,14:40,889.6,43027.6,14:05,893.6,414.8,331.6,37.3,0,3.5,49.9,31.6,35.7,19.2,1.7
2024-09-29,37735.5,18:10,812.0,37748.3,18:10,813.9,368.6,318.0,35.3,0,7.6,41.6,21.0,22.9,18.0,1.8
2024-09-30,43208.6,18:10,887.8,43222.0,18:10,891.5,409.9,322.8,37.5,0,13.2,51.8,33.2,37.0,17.5,1.8
2024-10-01,44222.3,13:35,894.1,44884.6,13:35,897.7,408.3,320.2,45.0,0,11.4,53.5,34.4,38.0,19.6,1.6
2024-10-02,42745.2,18:15,863.6,42754.4,18:15,867.3,383.1,325.7,46.1,0,15.2,45.2,28.4,32.1,18.2,1.6
2024-10-03,41640.1,18:10,841.1,41664.0,18:10,845.5,375.5,327.8,40.3,0,22.1,35.2,20.7,25.1,17.9,1.6
2024-10-04,41816.3,18:10,834.5,41830.4,18:10,838.1,369.2,306.8,38.0,0,29.0,44.1,28.6,32.3,17.1,1.6
2024-10-05,39658.1,18:05,816.4,39677.4,18:05,819.6,367.8,298.5,33.3,0,26.4,43.1,27.3,30.6,18.2,1.6
2024-10-06,37130.8,18:05,743.3,37143.8,18:05,744.4,341.7,277.2,28.4,0,18.0,37.5,20.1,21.2,18.8,1.6
2024-10-07,43213.8,18:00,847.1,43228.1,18:00,852.3,385.6,302.4,43.0,0,16.7,47.9,29.4,34.6,20.5,1.5
2024-10-08,42411.9,18:05,863.1,42423.4,18:05,868.3,392.6,322.0,38.7,0,24.0,39.5,22.5,27.7,22.2,1.6
2024-10-09,42416.2,18:00,862.1,42429.7,18:00,867.3,380.6,319.6,37.8,0,24.0,46.0,30.5,35.7,22.0,1.6
2024-10-10,42351.8,18:00,860.9,42364.0,18:00,866.1,374.9,319.8,39.3,0,30.7,49.0,29.1,34.4,16.3,1.6
2024-10-11,42546.2,17:55,868.1,42565.0,17:55,873.3,376.4,323.2,44.1,0,30.0,47.4,27.4,32.7,18.0,1.6
2024-10-12,41745.7,15:40,852.4,42104.9,15:40,858.7,352.0,339.4,41.1,0,34.1,38.8,28.6,34.9,16.8,1.6
2024-10-13,37297.9,18:05,753.4,37307.5,18:05,755.4,290.8,307.9,35.2,0,30.5,48.1,25.4,27.5,13.9,1.6
2024-10-14,43732.6,18:00,863.0,43743.2,18:00,868.3,346.2,351.4,46.8,0.0,15.3,51.9,34.6,39.9,15.1,1.7
2024-10-15,43359.9,17:55,875.7,43373.9,17:55,880.9,359.7,379.1,47.0,0.1,10.7,38.0,24.1,29.3,15.4,1.7
2024-10-16,43136.0,18:00,865.5,43145.1,18:00,870.7,356.9,373.0,40.5,0.1,11.0,42.4,24.5,29.7,15.4,1.7
2024-10-17,43436.6,17:50,870.9,43452.5,17:50,876.1,385.7,370.1,42.0,0.0,7.2,31.4,20.2,25.5,12.5,1.7
2024-10-18,42940.9,18:00,879.2,42949.0,18:00,884.4,377.1,367.3,40.4,0.0,10.7,41.3,24.4,29.6,16.2,1.7
2024-10-19,40412.7,15:35,850.5,40790.8,15:30,857.0,372.7,345.1,35.3,0,12.6,44.1,25.4,31.8,13.7,1.6
2024-10-20,37041.9,17:55,760.9,37052.3,17:55,765.4,309.1,329.7,27.0,0,16.8,42.1,23.3,27.7,11.3,1.6
2024-10-21,43494.3,17:55,836.5,43506.0,17:55,842.9,334.4,355.3,44.1,0.0,17.9,46.0,24.1,30.5,13.1,1.7
2024-10-22,43721.9,17:55,857.4,43731.0,17:55,863.7,346.7,375.5,50.8,0.1,30.6,26.3,12.7,19.0,13.0,1.7
2024-10-23,43023.1,17:55,846.2,43032.1,17:55,852.4,366.9,342.3,49.4,0,29.2,30.3,14.6,20.8,11.8,1.6
2024-10-24,43529.6,17:55,850.5,43539.0,17:55,857.0,320.8,372.0,48.0,0,13.1,50.9,31.2,37.7,12.7,1.7
2024-10-25,43467.5,17:55,846.1,43477.9,17:55,852.6,314.5,371.2,45.5,0,16.6,48.2,30.8,37.3,17.6,1.7
2024-10-26,40800.4,17:50,813.8,40820.3,17:50,820.2,293.9,365.9,43.1,0,33.3,38.6,21.2,27.6,16.1,1.6
2024-10-27,36141.6,17:40,701.9,36159.3,17:40,707.8,251.0,326.0,27.3,0,56.6,18.0,7.0,13.0,14.3,1.6
2024-10-28,42200.4,17:45,773.2,42212.6,17:45,778.0,273.6,376.2,38.5,0,38.2,22.5,9.8,14.6,12.7,1.6
2024-10-29,42916.5,17:55,801.3,42922.0,17:55,806.7,268.7,388.2,41.8,0,33.7,33.8,16.3,21.7,17.2,1.6
2024-10-30,43972.9,17:55,832.1,43978.5,17:55,837.5,250.4,417.8,39.0,0,29.8,49.1,27.2,32.6,17.1,1.6
2024-10-31,43626.4,18:00,843.9,43628.3,18:00,849.3,258.5,423.9,48.7,0,16.5,49.4,28.8,34.2,16.5,1.6
2024-11-01,43527.2,17:50,851.0,43537.0,17:50,856.4,274.2,432.3,48.9,0,14.9,38.2,24.8,30.2,15.9,1.7
2024-11-02,40508.8,17:50,812.5,40522.1,17:50,818.3,247.1,404.3,43.6,0,44.1,35.3,20.6,26.4,15.8,1.6
2024-11-03,37513.5,17:50,724.3,37520.3,17:50,730.2,203.4,369.2,31.9,0,36.2,43.8,27.1,33.0,11.1,1.6
2024-11-04,43533.5,17:50,812.0,43541.6,17:50,817.4,246.3,407.5,38.7,0,38.6,43.8,25.5,31.0,9.8,1.6
2024-11-05,43526.4,17:45,837.4,43539.1,17:45,842.9,256.6,424.0,41.9,1.2,44.1,38.2,24.2,29.6,5.8,1.6
2024-11-06,44125.8,17:45,836.0,44139.7,17:45,841.5,256.6,420.5,44.1,0.8,46.4,39.6,20.6,26.0,5.8,1.6
2024-11-07,44316.5,17:50,837.8,44327.0,17:50,843.3,253.2,412.3,43.0,0,70.5,31.6,20.1,25.6,5.6,1.6
2024-11-08,43429.3,17:45,835.1,43444.3,17:45,840.6,251.5,421.0,39.9,0.9,61.8,32.8,19.7,25.2,5.9,1.6
2024-11-09,40299.1,17:50,809.0,40307.4,17:50,813.8,245.3,403.3,30.6,0,43.2,48.0,31.7,36.5,5.2,1.6
2024-11-10,38223.4,17:50,732.6,38231.7,17:50,736.2,195.1,404.1,26.2,0,27.6,41.4,31.6,35.1,5.0,1.6
2024-11-11,44614.0,17:50,833.1,44622.6,17:50,837.9,250.1,428.9,45.2,0,19.8,50.1,31.4,36.1,6.1,1.6
2024-11-12,44529.6,17:50,888.6,44540.6,17:50,893.3,285.9,449.2,57.8,0,17.7,42.1,28.4,33.1,5.9,1.6
2024-11-13,44085.2,17:55,882.6,44095.5,17:55,887.3,280.9,456.0,56.2,0,13.4,39.9,29.0,33.7,5.9,1.4
2024-11-14,44934.7,17:50,886.1,44947.6,17:50,890.8,262.5,452.6,59.1,0,17.7,51.7,35.1,39.8,5.8,1.6
2024-11-15,44135.5,17:40,890.2,44154.3,17:40,894.9,251.7,478.7,58.4,0,11.0,49.7,33.2,37.9,5.9,1.6
2024-11-16,42347.2,17:50,866.9,42361.8,17:50,872.0,220.2,475.6,55.6,0,21.0,53.4,34.1,39.2,5.5,1.6
2024-11-17,39016.8,17:45,771.5,39025.5,17:45,776.3,146.8,444.4,47.8,0,52.9,46.9,26.3,31.1,4.8,1.6
2024-11-18,44692.8,17:50,849.7,44698.9,17:50,854.5,199.2,449.0,52.9,0,66.2,51.6,24.4,29.3,4.8,1.6
2024-11-19,45012.2,17:50,875.0,45018.2,17:50,879.9,209.0,469.2,54.1,0,67.8,44.6,22.5,27.4,6.1,1.6
2024-11-20,44775.8,17:50,873.1,44783.3,17:50,877.9,199.5,467.6,60.9,0,73.7,40.5,23.0,27.8,6.1,1.7
2024-11-21,44856.7,17:50,857.5,44864.0,17:50,862.3,204.2,439.0,64.7,0,74.3,44.2,22.1,26.9,7.5,1.6
2024-11-22,44610.9,17:45,856.8,44619.9,17:45,861.6,197.3,450.9,59.5,0,70.4,45.0,22.0,26.8,10.0,1.6
2024-11-23,41822.8,17:40,824.4,41833.4,17:40,830.2,188.3,445.1,46.3,0,74.3,36.1,21.3,27.1,11.3,1.6
2024-11-24,39074.3,17:45,747.6,39095.6,17:45,752.7,168.2,405.3,34.3,0,68.6,36.3,21.1,26.2,12.2,1.7
2024-11-25,45037.3,17:45,833.5,45049.5,17:45,839.5,222.0,413.8,45.3,0,73.9,41.2,21.4,27.4,14.0,2.0
2024-11-26,44466.1,17:45,849.6,44477.2,17:45,855.5,193.3,436.6,61.8,0,82.1,39.3,21.0,26.9,13.4,2.2
2024-11-27,44840.9,17:40,846.9,44854.9,17:40,852.7,185.1,439.5,61.7,0,89.2,35.4,20.3,26.1,13.5,2.2
2024-11-28,44627.2,17:45,834.3,44639.1,17:45,840.3,185.1,429.0,62.4,0,89.5,34.0,18.6,24.6,13.4,2.4
2024-11-29,43148.2,17:50,811.6,43157.5,17:50,817.6,190.1,431.5,61.9,0,64.0,32.4,16.7,22.7,12.7,2.3
2024-11-30,41040.7,17:50,781.1,41049.0,17:50,787.2,175.0,452.4,49.4,0,42.2,28.9,17.9,24.0,13.1,2.3
2024-12-01,40187.7,17:55,714.9,40193.0,17:55,720.6,155.8,416.5,44.6,0,29.0,35.0,20.5,26.2,11.1,2.3
2024-12-02,44654.6,17:40,812.2,44666.8,17:40,817.5,191.4,461.0,57.9,0,37.7,31.2,20.4,25.7,10.5,2.2
2024-12-03,44351.1,17:50,839.1,44357.8,17:50,844.5,187.3,500.0,62.0,0,40.6,22.9,13.9,19.3,10.2,2.3
2024-12-04,44431.7,17:45,845.3,44440.5,17:45,850.5,184.4,501.3,64.4,0,38.9,28.3,15.8,21.0,9.7,2.6
2024-12-05,44763.9,17:50,839.1,44770.6,17:50,844.4,177.8,498.1,69.4,0,37.1,27.5,16.9,22.2,9.4,2.9
2024-12-06,44374.6,17:45,855.7,44374.6,17:45,861.0,180.7,497.2,68.5,0,45.1,31.0,20.3,25.7,10.0,2.9
2024-12-07,41811.7,17:45,822.4,41817.2,17:45,827.2,164.5,466.2,67.3,0,68.1,26.5,16.3,21.1,10.5,3.0
2024-12-08,39444.0,17:50,735.8,39448.6,17:50,741.1,140.3,409.5,62.9,0,55.7,31.7,21.4,26.7,11.2,3.1
2024-12-09,45051.6,17:50,822.6,45055.3,17:50,827.2,169.2,466.1,70.4,0,47.7,34.2,21.3,25.9,10.6,3.0
2024-12-10,45147.8,17:50,848.4,45151.7,17:50,853.0,182.9,500.4,70.6,0,41.0,19.3,16.6,21.2,14.5,3.0
2024-12-11,44246.8,17:50,843.4,44250.9,17:50,847.9,173.8,521.4,67.5,0,46.0,13.9,7.2,11.6,10.7,3.0
2024-12-12,44745.2,17:50,840.4,44749.2,17:50,844.7,182.6,470.6,67.3,0,75.3,19.1,11.0,15.4,11.4,3.0
2024-12-13,44644.7,17:50,837.9,44649.4,17:50,842.0,189.3,448.6,76.8,0,83.7,16.6,8.1,12.2,11.9,3.0
2024-12-14,41864.7,17:50,807.9,41870.7,17:50,811.5,199.2,410.4,58.2,0,97.8,16.9,10.1,13.7,12.4,2.9
2024-12-15,38928.7,17:50,716.7,38936.1,17:50,720.6,188.8,372.3,39.0,0,85.5,10.9,5.5,9.4,12.2,2.4
2024-12-16,44384.5,17:50,792.9,44389.8,17:50,797.0,214.7,405.0,55.7,0,58.4,27.1,18.4,22.5,11.5,2.1
2024-12-17,44956.7,17:55,840.6,44959.7,17:55,844.9,220.5,430.2,59.9,0,48.6,38.9,28.8,33.0,11.1,2.7
2024-12-18,44472.5,17:55,832.7,44475.9,17:55,836.9,203.7,432.6,61.2,0,51.5,39.1,28.3,32.5,13.4,2.9
2024-12-19,44222.5,17:55,835.5,44230.2,17:55,839.7,208.6,426.5,66.2,0,53.0,38.2,30.8,35.0,9.0,3.3
2024-12-20,43739.5,17:55,828.1,43741.9,17:55,832.4,210.7,421.8,57.2,0,53.4,41.2,30.2,34.5,9.7,3.9
2024-12-21,41690.2,17:50,803.6,41693.9,17:50,806.9,204.2,432.9,48.7,0,41.9,37.1,25.6,29.0,9.3,3.8
2024-12-22,38684.1,18:05,714.6,38684.1,18:05,719.3,169.7,406.7,47.5,0,36.7,22.9,17.5,22.2,9.8,3.8
2024-12-23,44202.1,17:55,796.5,44205.2,17:55,801.4,203.8,425.0,56.4,0,40.9,31.9,22.3,27.2,12.5,3.7
2024-12-24,44129.1,17:55,825.2,44134.7,17:55,829.0,198.2,456.3,64.3,0,50.8,24.0,16.7,20.5,11.6,3.5
2024-12-25,44213.7,17:55,824.9,44213.7,17:55,829.0,185.5,463.9,70.2,0,46.9,25.9,18.0,22.1,10.9,3.7
2024-12-26,44686.5,17:55,843.4,44691.7,17:55,847.2,185.2,465.1,68.0,0,64.9,27.3,18.8,22.6,10.2,3.9
2024-12-27,44105.7,17:55,839.9,44110.8,17:55,843.5,189.1,460.4,64.7,0,77.2,20.7,13.8,17.3,10.0,4.0
2024-12-28,41469.9,18:00,809.4,41473.4,18:00,812.8,183.0,419.8,51.2,0,90.6,30.0,22.7,26.1,8.1,3.9
2024-12-29,39789.1,18:00,733.4,39789.1,18:00,734.8,165.7,398.4,42.5,0,56.7,31.0,25.4,26.8,10.2,3.5
2024-12-30,43177.9,17:55,793.1,43182.9,17:55,798.5,181.5,436.0,58.9,0,34.7,40.2,29.5,34.8,8.5,4.0
2024-12-31,40613.9,18:00,770.4,40613.9,18:00,775.6,182.9,425.7,69.7,0,39.0,24.6,16.3,21.5,8.2,4.0
2025-01-01,34705.1,18:05,628.6,34709.1,18:05,633.4,156.5,365.1,31.0,0,27.6,16.9,19.0,23.9,8.5,3.9
2025-01-02,44059.4,18:00,777.5,44064.2,18:00,781.8,194.9,436.3,48.9,0,30.5,29.9,20.2,24.5,13.0,3.8
2025-01-03,44330.0,18:00,831.9,44334.9,18:00,836.2,202.3,451.7,65.0,0,51.5,25.6,17.7,22.0,14.4,3.6
2025-01-04,42197.7,17:55,821.3,42204.3,17:55,825.7,180.3,454.2,55.8,0,41.1,42.5,29.3,33.8,14.2,3.8
2025-01-05,39989.4,18:00,742.6,39991.8,18:00,754.9,148.2,418.7,50.1,0,41.3,39.0,26.6,38.8,14.7,4.0
2025-01-06,44470.7,18:00,817.6,44470.7,18:00,823.3,181.8,441.8,54.4,0,37.3,50.6,33.8,39.5,13.9,3.9
2025-01-07,44735.4,18:05,839.0,44735.4,18:05,844.4,199.7,450.6,52.8,0,32.0,51.6,34.0,39.4,14.1,4.0
2025-01-08,44489.2,18:05,851.6,44489.2,18:05,857.8,184.0,461.2,60.1,0,43.4,50.8,34.0,40.2,13.8,4.2
2025-01-09,44593.1,18:05,849.3,44597.1,18:05,853.0,183.8,463.4,60.6,0,45.7,45.2,30.6,34.3,15.3,4.6
2025-01-10,44224.1,18:05,847.8,44228.2,18:05,852.5,185.9,426.7,59.6,0,84.4,40.8,26.8,31.6,19.1,4.8
2025-01-11,41643.4,18:05,810.3,41646.5,18:05,815.4,183.2,404.7,48.7,0,77.7,44.0,27.9,32.9,19.8,4.8
2025-01-12,39756.4,18:10,726.6,39757.9,18:10,735.0,152.9,368.1,47.8,0,64.6,39.5,30.0,38.5,19.0,4.7
2025-01-13,44502.8,18:10,801.9,44502.8,18:10,806.3,194.6,413.9,49.5,0,46.7,44.1,32.7,37.2,16.4,4.1
2025-01-14,44705.8,18:10,836.5,44709.1,18:10,840.9,197.5,470.5,53.0,0,42.7,28.1,19.8,24.1,21.2,4.0
2025-01-15,43953.5,18:05,845.1,43957.7,18:05,849.7,195.9,451.5,47.8,0,76.4,30.1,20.3,24.9,19.3,3.8
2025-01-16,44197.7,18:15,848.3,44197.7,18:15,852.8,191.7,423.7,47.7,0,94.5,39.2,28.0,32.5,19.6,3.9
2025-01-17,43470.6,18:10,837.6,43473.1,18:10,841.9,181.9,440.6,46.5,0,70.1,42.6,30.6,34.9,21.3,4.0
2025-01-18,40982.1,18:10,814.3,40984.6,18:10,818.7,180.6,446.2,46.4,0,41.4,44.8,30.6,34.9,20.1,4.2
2025-01-19,39545.6,18:15,744.6,39548.5,18:15,757.6,138.6,426.2,41.3,0,43.0,43.4,26.8,39.8,21.0,4.3
2025-01-20,43441.7,18:10,810.6,43443.6,18:10,815.5,162.4,456.7,42.4,0,43.1,48.1,33.8,38.6,19.9,4.3
2025-01-21,42668.2,18:15,817.1,42670.6,18:15,822.5,162.3,464.3,44.0,0,33.4,51.2,36.7,42.1,20.7,4.5
2025-01-22,41915.1,18:15,803.0,41915.1,18:15,809.4,158.8,458.5,43.0,0,33.2,50.7,34.8,41.3,19.6,4.3
2025-01-23,40659.4,18:10,781.9,40662.0,18:10,787.9,151.7,469.2,42.3,0,25.3,42.3,28.5,34.4,19.4,3.4
2025-01-24,37973.2,18:15,737.7,37979.6,18:15,744.3,145.4,425.8,39.4,0,24.4,50.0,33.3,39.9,16.5,2.9
2025-01-25,33646.9,18:20,651.2,33648.9,18:20,657.5,125.2,369.8,33.0,0,27.7,45.6,33.1,39.4,13.8,2.9
2025-01-26,31852.4,18:15,578.0,31854.8,18:15,583.5,92.7,307.5,26.8,0,66.7,36.4,30.3,35.8,15.1,2.6
2025-01-27,30106.4,18:15,521.7,30108.2,18:15,523.3,93.2,270.5,23.5,0,71.9,27.6,24.3,25.9,8.3,2.3
2025-01-28,31184.7,18:15,526.9,31186.5,18:15,542.3,101.9,266.8,23.9,0,71.4,31.6,24.3,39.7,4.7,2.3
2025-01-29,24983.2,18:25,434.6,24984.1,18:25,435.1,96.0,223.5,22.8,0,48.4,20.2,17.5,18.1,4.1,2.0
2025-01-30,25486.5,18:25,438.2,25487.6,18:25,460.2,100.8,233.5,23.5,0,28.7,25.1,19.4,41.5,5.0,2.3
2025-01-31,26269.2,18:15,451.4,26269.2,18:15,471.5,101.9,252.2,25.8,0,10.8,34.1,19.6,39.7,4.7,2.3
2025-02-01,28476.2,18:15,487.4,28480.3,18:15,506.1,104.0,270.1,26.7,0,9.0,42.5,25.0,43.8,7.8,2.3
2025-02-02,31169.1,18:10,528.1,31169.1,18:10,542.1,96.4,300.6,28.4,0,11.2,47.7,30.0,44.1,11.6,2.3
2025-02-03,35962.7,18:15,645.9,35965.5,18:15,652.4,124.5,324.8,33.4,0,60.2,48.6,33.7,40.2,18.5,2.3
2025-02-04,39192.4,18:20,709.2,39194.2,18:20,713.2,129.8,356.8,36.3,0,86.1,46.1,32.2,36.2,19.4,2.4
2025-02-05,39973.8,18:15,737.9,39976.9,18:15,745.2,155.6,378.5,36.0,0,59.1,53.6,36.3,43.6,15.5,3.2
2025-02-06,41866.8,18:15,783.6,41870.0,18:15,791.8,180.4,412.8,39.0,0,38.3,56.5,37.6,45.8,14.9,4.1
2025-02-07,41751.1,18:15,797.4,41753.8,18:15,803.6,188.7,418.7,39.6,0,55.4,46.2,31.2,37.4,13.0,4.7
2025-02-08,40487.9,18:15,791.6,40487.9,18:15,798.4,195.2,386.6,41.2,0,65.8,50.7,32.4,39.2,14.9,4.9
2025-02-09,39257.5,18:15,723.6,39259.5,18:15,727.0,166.6,389.7,34.1,0,55.8,35.3,23.4,26.8,13.9,4.8
2025-02-10,43686.1,18:20,802.1,43690.7,18:20,806.7,188.9,445.0,44.8,0,39.6,38.1,26.6,31.3,14.2,4.9
2025-02-11,44165.8,18:25,845.0,44168.4,18:25,850.0,177.9,507.2,54.2,0,26.9,34.0,23.0,28.0,16.9,4.8
2025-02-12,43341.4,18:25,848.4,43343.5,18:25,853.7,156.4,519.2,59.5,0,23.0,42.8,27.0,32.3,15.6,4.9
2025-02-13,43794.0,18:20,844.6,43801.8,18:20,849.5,161.1,516.1,65.0,0,23.2,37.4,24.1,29.0,12.9,4.9
2025-02-14,43928.0,18:15,852.3,43934.8,18:15,857.4,157.1,515.7,65.1,0,23.4,41.4,28.0,33.1,16.8,4.8
2025-02-15,41910.2,18:15,836.5,41918.8,18:15,842.0,142.2,524.8,64.3,0,23.6,38.2,26.8,32.3,12.0,4.7
2025-02-16,39115.7,18:20,769.1,39119.5,18:20,773.4,100.5,481.7,35.8,0,58.9,46.3,31.0,35.4,9.9,4.8
2025-02-17,44466.9,18:20,837.4,44472.4,18:20,843.1,131.3,466.3,54.9,0,73.0,53.7,36.6,42.3,16.7,4.8
2025-02-18,44605.1,18:20,870.5,44610.8,18:20,876.2,142.3,507.4,57.4,0,66.5,46.0,31.0,36.7,15.2,4.8
2025-02-19,44681.3,18:20,865.7,44687.1,18:20,871.6,151.5,502.1,57.4,0,76.7,36.6,23.1,29.0,13.5,4.8
2025-02-20,45431.9,18:20,870.8,45437.8,18:20,876.8,150.0,497.1,58.2,0,68.1,47.9,33.3,39.4,11.2,4.8
2025-02-21,44119.2,18:15,867.5,44119.2,18:15,873.1,147.6,498.8,58.9,0,79.4,38.3,25.1,30.6,14.6,4.8
2025-02-22,41546.2,18:20,834.7,41551.3,18:20,840.3,143.0,484.7,58.8,0,81.2,30.9,20.0,25.5,11.3,4.8
2025-02-23,39123.7,18:15,759.3,39131.5,18:15,763.8,129.1,454.8,36.1,0,86.8,21.4,13.3,17.9,13.1,4.7
2025-02-24,44403.2,18:15,839.5,44411.0,18:15,844.2,169.8,449.2,45.2,0,99.1,33.6,23.2,28.0,14.5,4.8
2025-02-25,44739.6,18:15,866.8,44747.3,18:15,871.2,196.3,452.6,49.3,0,85.7,37.1,26.5,30.9,14.6,4.7
2025-02-26,45403.0,18:20,873.0,45409.3,18:20,877.6,207.9,455.0,50.3,0,76.4,38.3,26.2,30.8,14.0,4.8
2025-02-27,45458.2,18:30,876.9,45458.4,18:30,881.6,197.6,457.0,52.9,0,62.8,51.1,37.5,42.3,13.2,4.9
2025-02-28,44800.6,18:25,874.5,44805.6,18:20,879.1,169.0,485.3,57.5,0,48.3,55.6,41.2,45.9,12.6,4.8
2025-03-01,42263.6,18:30,858.2,42263.6,18:30,862.5,147.6,498.9,60.6,0,32.7,57.3,42.7,46.9,13.7,4.7
2025-03-02,39951.6,18:20,773.2,39962.1,18:20,781.0,111.8,486.3,40.2,0,23.8,52.0,36.4,44.2,17.9,4.8
2025-03-03,45350.2,18:30,868.5,45350.3,18:30,875.1,170.7,506.7,61.5,0,11.1,55.0,40.9,47.5,17.7,4.8
2025-03-04,45711.8,18:25,908.4,45715.9,18:25,914.4,181.9,514.3,96.7,0,5.3,53.8,38.6,44.6,13.0,4.9
2025-03-05,44687.8,16:50,907.3,44859.9,16:50,912.9,188.9,507.0,91.7,0,7.9,52.4,37.7,43.4,16.8,4.9
2025-03-06,44485.0,18:25,899.1,44488.3,18:25,904.4,177.5,511.7,70.9,0,33.2,48.7,35.7,41.0,17.6,3.7
2025-03-07,44744.1,18:25,890.5,44747.5,18:25,896.0,150.5,500.7,59.9,0,82.6,45.6,32.1,37.5,15.3,3.8
2025-03-08,41679.2,18:25,864.5,41682.6,18:25,869.5,140.2,482.6,57.4,0,82.3,49.6,33.8,38.8,13.7,4.9
2025-03-09,40183.0,18:20,775.3,40187.9,18:20,778.4,105.3,477.3,46.3,0,81.0,27.3,19.8,22.9,13.5,4.8
2025-03-10,45125.4,18:25,865.5,45130.4,18:25,871.0,146.7,501.1,55.0,0,76.9,40.7,27.0,32.4,13.9,4.3
2025-03-11,45640.2,18:30,895.9,45640.2,18:30,901.4,160.9,512.6,63.7,0,61.8,46.4,32.1,37.6,13.9,4.4
2025-03-12,46269.8,18:20,915.3,46280.6,18:20,920.9,163.1,526.9,64.8,0,50.3,53.0,39.0,44.7,13.5,4.7
2025-03-13,46147.8,18:30,919.0,46147.8,18:30,924.6,171.1,532.6,67.9,0,39.2,49.5,36.9,42.5,17.1,4.7
2025-03-14,46028.5,18:30,927.4,46041.1,18:30,932.7,173.5,536.4,67.9,0,28.6,56.7,43.8,49.1,15.8,4.7
2025-03-15,43320.8,16:25,903.3,43652.0,15:35,911.5,176.0,538.1,59.0,0,15.1,56.7,37.6,45.8,16.0,4.7
2025-03-16,39822.9,18:20,797.5,39841.0,18:20,804.1,98.8,517.1,47.6,0,38.0,47.7,33.0,39.7,10.5,4.7
2025-03-17,44925.0,18:20,864.3,44935.3,18:20,870.3,134.4,525.3,51.3,0,69.8,38.2,25.2,31.1,15.5,4.7
2025-03-18,45454.8,18:30,891.7,45454.8,18:30,897.5,133.8,515.9,62.3,0,89.7,41.8,29.7,35.6,13.8,4.7
2025-03-19,45390.1,18:25,889.6,45396.2,18:25,895.4,134.3,499.2,70.3,0,91.2,45.7,33.1,38.9,11.7,4.1
2025-03-20,45024.9,18:30,881.4,45037.4,18:30,887.2,131.8,504.2,70.2,0,81.1,44.0,31.3,37.1,14.4,4.5
2025-03-21,44690.4,18:25,881.5,44706.0,18:25,888.0,139.9,507.5,69.6,0,58.3,49.0,35.3,41.8,17.2,4.6
2025-03-22,42380.5,18:30,864.9,42380.5,18:30,870.7,123.9,489.2,60.1,0,77.5,52.3,39.9,45.7,17.6,4.4
2025-03-23,39937,18:35,784.1,39937.0,18:35,794.0,98.0,478.4,50.2,0,57.7,48.3,35.4,45.4,11.9,4.3
2025-03-24,44734.1,18:35,873.6,44743.4,18:35,879.1,133.5,518.6,62.3,0,41.0,54.6,42.7,48.3,16.6,4.3
2025-03-25,45066.0,18:30,897.4,45077.2,18:30,903.2,137.6,566.1,68.8,0,17.1,48.7,37.9,43.7,17.0,4.3
2025-03-26,45034.6,18:25,904.6,45048.9,18:25,910.2,152.3,562.1,69.9,0,5.3,54.3,42.2,47.7,14.2,4.3
2025-03-27,45376.1,18:20,916.5,45386.0,18:20,922.2,163.0,565.8,60.6,0,10.8,55.3,41.8,47.5,14.8,4.3
2025-03-28,45460.6,18:30,930.3,45460.6,18:30,935.9,173.8,566.6,63.9,0,8.3,56.0,41.8,47.5,15.6,4.3
2025-03-29,41877.1,16:50,882.6,42105.1,16:25,888.0,156.5,518.0,68.7,0,27.8,51.6,38.1,43.5,17.6,4.3
2025-03-30,39845.8,18:25,788.2,39851.6,18:25,793.1,84.5,479.0,59.7,0,71.0,42.4,31.7,36.7,15.7,4.2
2025-03-31,44112.2,18:25,849.4,44126.6,18:25,854.5,127.5,518.1,65.5,0,67.0,29.9,20.0,25.1,17.2,4.2
2025-04-01,44282.9,18:30,870.4,44283.8,18:30,875.6,128.9,520.6,61.9,0,79.3,33.7,22.6,27.8,19.2,4.2
2025-04-02,44391.5,18:30,869.7,44392.5,18:30,874.9,129.4,494.8,75.9,0,83.6,37.8,26.9,32.2,17.0,4.2
2025-04-03,44548.9,18:30,880.8,44549.0,18:30,886.1,130.7,481.4,88.0,0,73.5,50.8,38.1,43.4,13.9,4.3
2025-04-04,44131.6,18:25,887.9,44191.4,15:40,893.2,146.7,482.2,98.1,0,45.7,54.4,42.1,47.4,14.3,4.2
2025-04-05,42497.2,16:45,879.4,42702.7,16:45,885.6,147.3,510.2,77.0,0,24.4,57.2,42.3,48.5,16.7,4.3
2025-04-06,39425.5,18:30,780.5,39436.5,18:25,789.8,104.8,462.5,73.4,0,37.8,51.6,34.3,43.6,11.8,4.3
2025-04-07,36761.4,18:25,716.2,36767.2,18:25,724.5,96.1,406.3,64.2,0,52.2,43.6,37.0,45.2,12.6,4.2
2025-04-08,45528.3,18:30,867.3,45529.7,18:30,873.4,140.4,494.8,81.1,0,47.8,48.5,34.2,40.3,16.3,4.2
2025-04-09,45077.7,16:50,924.2,45275.2,16:50,930.3,153.4,530.9,97.0,0,23.2,55.4,40.5,46.6,19.5,4.3
2025-04-10,44890.9,18:05,928.6,45064.5,16:45,934.9,162.7,555.3,103.8,0,11.1,45.6,30.6,37.0,16.3,3.2
2025-04-11,45608.5,18:30,934.1,45608.5,18:30,940.4,176.2,539.6,98.6,0,10.9,53.0,38.0,44.3,14.3,3.4
2025-04-12,44708.4,16:50,925.5,44984.3,16:10,931.3,162.6,548.9,86.1,0,13.6,55.8,41.3,47.1,12.9,4.3
2025-04-13,40097.3,18:40,816.9,40098.2,18:40,823.0,99.0,513.5,69.7,0,36.7,46.3,33.9,39.9,13.6,4.3
2025-04-14,45009.6,18:45,887.5,45010.6,18:45,892.9,142.2,515.6,76.4,0,41.6,53.3,38.8,44.3,15.8,3.7
2025-04-15,44980.2,18:35,911.4,44982.0,18:35,916.9,154.9,517.8,84.2,0,46.8,51.2,36.8,42.3,15.6,4.0
2025-04-16,44749.8,18:35,918.0,44752.3,18:35,923.7,157.5,543.1,87.3,0,18.8,55.0,39.9,45.6,12.1,4.2
2025-04-17,45615.2,16:50,944.4,45835.1,16:00,950.3,162.0,580.7,81.4,0,11.5,51.9,38.2,44.1,14.5,4.3
2025-04-18,46514.6,15:55,961.9,46930.3,15:35,967.8,182.9,577.0,75.4,0,14.1,53.3,39.7,45.6,15.3,4.2
2025-04-19,45710.6,15:35,954.7,46209.0,14:50,960.9,172.2,597.7,63.4,0,9.0,54.2,39.5,45.7,14.4,4.2
2025-04-20,40847.1,18:40,868.9,40855.2,18:40,877.0,121.8,573.7,48.2,0,9.3,56.3,41.1,49.2,14.4,4.2
2025-04-21,46696.2,16:50,951.1,46877.2,16:50,957.0,197.5,558.2,66.1,0,13.1,56.0,41.6,47.5,14.6,4.1
2025-04-22,46401.0,15:50,974.0,46788.0,15:50,979.5,195.6,584.6,71.9,0,11.5,54.0,38.4,43.9,14.1,3.9
2025-04-23,46221.1,13:55,970.5,46884.5,13:55,976.9,218.1,550.8,83.4,0.6,12.4,50.0,37.6,44.1,13.7,3.9
2025-04-24,46433.6,15:35,971.3,46878.4,15:35,977.3,214.4,549.0,80.6,0.9,18.1,54.0,40.1,46.0,10.4,3.9
2025-04-25,45201.1,18:25,946.1,45206.1,18:25,952.1,185.2,585.2,64.4,1.4,15.8,45.8,33.5,39.5,11.0,3.8
2025-04-26,44374.2,13:40,930.4,45152.3,13:40,937.4,180.1,591.1,46.1,0,12.8,48.4,34.2,41.2,13.9,3.8
2025-04-27,41025.2,18:40,859.4,41026.8,18:40,866.1,130.1,561.7,42.1,0,11.1,55.6,41.3,47.9,13.8,3.8
2025-04-28,44825.7,18:25,924.3,44830.2,18:25,930.1,160.2,569.3,51.3,0,23.5,55.1,42.7,48.5,18.5,3.8
2025-04-29,42210.6,15:30,895.2,42662.3,15:30,901.0,167.7,524.7,64.1,0,30.8,54.0,39.9,45.7,10.2,3.8
2025-04-30,33286.1,18:40,695.5,33293.8,18:40,714.1,132.1,386.6,48.2,0,42.2,46.1,28.6,47.2,8.0,3.8
2025-05-01,32351.5,18:40,649.0,32353.5,18:40,655.4,144.0,346.4,37.0,0,46.5,37.1,26.0,32.5,8.2,3.8
2025-05-02,40989.1,15:35,820.4,41426.1,15:35,826.5,178.0,449.6,51.2,0,37.6,50.7,38.4,44.4,11.3,3.8
2025-05-03,42247.4,15:30,876.8,42738.6,15:30,882.8,205.0,488.0,79.3,0,10.7,44.1,33.4,39.4,12.5,3.9
2025-05-04,40107.4,18:45,843.4,40110.2,18:45,850.5,179.7,497.2,59.8,0,6.6,48.5,35.2,42.2,12.6,3.9
2025-05-05,46976.5,15:25,953.6,47424.5,14:40,959.7,206.4,556.8,64.9,0,10.9,54.2,40.1,46.3,16.2,4.0
2025-05-06,47211.1,14:10,1000.2,47834.8,14:10,1006.8,209.9,589.6,75.3,0,15.6,53.1,38.9,45.5,14.7,3.2
2025-05-07,48394.6,14:50,1017.6,48913.8,14:35,1023.9,220.3,608.7,73.5,0,16.3,47.5,34.4,40.7,13.8,3.1
2025-05-08,49297.9,14:30,1039.7,49846.6,14:30,1046.1,214.4,611.0,88.5,0,17.4,51.9,38.2,44.6,15.2,3.1
2025-05-09,49759.2,14:20,1041.8,50345.5,14:20,1048.0,204.0,616.3,87.5,0,23.8,52.1,38.4,44.6,16.6,3.1
2025-05-10,42440.2,16:25,936.6,42870.9,14:45,942.1,181.2,579.1,84.9,0,11.3,38.8,22.0,27.4,16.2,3.1
2025-05-11,39046.0,18:45,801.9,39047.6,18:45,807.7,158.2,469.6,56.7,0,18.2,46.7,34.5,40.3,14.8,3.1
2025-05-12,43799.0,18:50,892.3,43801.7,18:50,898.2,188.5,541.8,57.5,0,17.0,42.1,29.1,35.0,13.1,3.1
2025-05-13,45111.8,15:35,935.0,45570.9,15:35,941.0,191.0,575.2,64.8,0,5.4,46.3,33.7,39.7,15.6,3.1
2025-05-14,45988.8,15:55,960.8,46378.4,15:55,966.9,206.5,580.0,59.4,0,8.3,50.9,37.0,43.1,15.6,3.1
2025-05-15,46102.7,14:15,968.4,46704.0,14:15,974.4,222.7,570.5,61.1,0,8.1,50.3,34.5,40.5,18.1,3.0
2025-05-16,46611.5,14:45,977.7,47176.8,14:45,983.9,223.0,555.7,69.9,0,11.9,52.3,40.0,46.2,21.8,3.2
2025-05-17,44577.2,13:40,948.5,45305.0,13:40,953.7,222.4,553.9,67.6,0,7.5,41.9,30.1,35.2,22.1,3.1
2025-05-18,40061.3,18:50,873.7,40064.2,18:50,878.9,178.4,526.6,44.3,0,13.3,51.8,41.1,46.3,15.1,3.1
2025-05-19,46071.2,15:25,958.6,46517.8,15:25,965.0,246.9,553.6,53.7,0,6.7,42.5,33.7,40.0,18.6,3.0
2025-05-20,46916.6,13:40,989.0,47613.2,13:40,995.2,302.1,512.0,55.0,0,5.9,51.2,36.6,42.9,23.1,3.1
2025-05-21,47832.4,13:35,998.8,48540.9,13:35,1004.9,297.2,532.9,52.7,0,7.0,46.6,36.4,42.6,22.8,3.1
2025-05-22,46813.2,14:30,986.2,47404.5,14:30,992.4,303.0,533.3,46.1,0,6.3,41.5,31.7,37.8,21.3,3.1
2025-05-23,44258.3,16:20,960.7,44638.4,10:25,966.8,310.3,494.0,47.6,0,9.0,44.7,29.0,35.2,23.0,3.1
2025-05-24,41064.9,9:20,892.1,41552.8,10:25,897.5,302.8,444.7,47.0,0,10.9,37.8,26.6,32.1,19.1,3.0
2025-05-25,38158.9,18:50,786.6,38159.6,18:50,792.3,218.4,407.3,42.2,0,22.7,43.6,32.3,38.1,17.1,2.9
2025-05-26,44236.1,16:45,883.9,44380.8,16:45,889.6,268.2,433.2,47.3,0,17.6,52.6,37.5,43.3,24.5,2.9
2025-05-27,45073.6,16:50,926.1,45206.1,16:50,931.7,289.0,457.7,52.7,0,16.2,44.9,35.1,40.7,27.6,2.8
2025-05-28,45131.3,15:35,938.2,45470.2,15:35,943.9,291.3,480.7,53.3,0,7.7,41.0,32.1,37.7,29.5,2.7
2025-05-29,44350.4,16:20,930.3,44564.6,16:20,935.8,301.0,472.9,54.2,0,19.8,34.8,23.4,29.0,21.6,2.5
2025-05-30,44233.5,14:50,920.7,44698.8,14:50,926.3,304.3,428.5,52.7,0,26.2,45.7,32.5,38.1,28.6,2.3
2025-05-31,42127.3,13:15,902.1,42726.8,13:15,907.5,280.2,435.3,44.4,0,40.1,45.2,30.7,36.0,23.9,2.3
2025-06-01,41299.9,22:10,849.7,41299.9,22:10,876.0,230.2,426.7,41.5,0,54.8,50.3,19.0,45.3,24.6,2.4
2025-06-02,51117.6,13:40,1022.7,51671.7,13:40,1028.0,289.8,506.0,67.2,0,56.8,42.3,29.1,34.5,29.1,2.3
2025-06-03,46621.7,14:20,994.6,47104.4,14:20,1012.7,299.8,484.6,80.5,0,42.1,43.7,12.8,30.9,28.8,2.3
2025-06-04,46581.8,14:45,961.1,47028.8,14:45,983.4,302.6,485.0,64.5,0,21.3,45.5,17.0,39.3,22.8,2.4
2025-06-05,48565.3,14:55,974.6,48999.1,14:55,999.6,313.3,487.0,64.1,0,16.9,48.7,19.7,44.7,22.4,2.4
2025-06-06,48598.1,14:05,995.9,49104.2,14:05,1018.9,312.8,513.4,66.7,0,19.6,42.3,17.6,40.6,21.2,2.4
2025-06-07,46993.7,13:40,966.7,47307.9,13:40,986.0,307.4,486.8,62.2,0,24.1,44.2,15.5,34.8,24.1,2.4
2025-06-08,39687.2,13:20,861.2,40261.9,13:20,881.6,267.1,423.2,57.5,0,31.5,41.0,14.6,35.1,23.8,2.3
2025-06-09,46261.4,13:55,931.1,46775.2,13:55,948.5,311.0,443.0,68.0,0,30.5,37.7,12.5,29.8,26.2,2.4
2025-06-10,44550.0,15:40,939.2,44844.0,15:40,954.1,347.9,417.8,68.9,0,31.3,32.5,10.0,25.0,28.3,2.3
2025-06-11,44386.5,15:45,931.2,44665.6,15:45,936.2,359.8,388.9,65.2,0,50.6,20.6,9.4,14.4,34.2,2.3
2025-06-12,43955.4,15:40,933.7,44249.4,15:40,938.7,334.3,370.4,59.4,0,80.0,31.2,16.5,21.4,39.6,2.2
2025-06-13,44965.1,15:40,932.7,45259.1,15:40,948.4,354.5,366.5,49.9,0,73.6,36.2,10.8,26.6,39.5,1.7
2025-06-14,45549.7,14:40,943.5,45904.3,14:40,948.2,355.3,381.2,51.1,0,50.1,42.5,25.1,29.9,36.4,1.7
2025-06-15,41670.2,13:30,892.9,42251.2,13:30,898.0,314.7,374.3,47.5,0,24.8,50.9,41.9,47.1,36.3,2.4
2025-06-16,46447.0,14:25,939.4,46937.5,14:05,964.9,373.0,392.9,51.4,0,15.1,51.2,20.5,46.1,32.7,2.5
2025-06-17,47177.6,14:20,968.2,47685.2,13:55,991.8,404.0,390.8,57.2,0,14.0,50.3,18.6,42.3,30.7,2.6
2025-06-18,47133.4,14:20,983.1,47607.2,14:20,1004.2,402.8,418.1,55.0,0,11.0,48.1,16.0,37.0,29.9,2.2
2025-06-19,48449.7,14:25,1002.5,48954.7,13:40,1025.9,403.4,436.0,48.2,0,16.9,47.5,18.4,41.9,30.3,1.8
2025-06-20,47614.5,14:20,1006.5,48098.6,14:20,1012.3,411.6,412.3,48.5,0,20.2,45.1,36.2,42.1,30.0,2.5
2025-06-21,45074.1,13:40,929.0,45417.3,13:40,953.1,399.8,375.0,32.6,0,20.0,50.2,20.1,44.1,29.1,2.3
2025-06-22,37923.2,18:55,820.4,37925.5,18:55,840.7,340.9,336.4,26.8,0,27.1,41.7,15.9,36.2,29.3,2.3
2025-06-23,46812.2,14:55,935.6,47108.5,14:55,959.0,409.0,372.8,30.5,0,23.7,48.1,19.5,42.9,29.8,2.2
2025-06-24,48017.9,13:40,981.2,48422.6,13:40,1004.3,419.2,404.4,36.9,0,23.7,45.1,19.1,42.1,30.7,2.1
2025-06-25,46740.4,13:40,983.3,47144.4,13:40,1001.1,434.9,400.9,41.0,0,19.9,39.1,13.9,31.7,31.4,2.2
2025-06-26,47525.0,14:45,972.0,47834.6,14:45,990.6,429.8,378.0,50.4,0,24.6,42.1,14.6,33.2,30.3,2.2
2025-06-27,44788.3,13:50,944.8,45158.7,13:50,965.1,431.1,336.7,55.1,0,26.9,43.7,16.4,36.7,32.6,2.3
2025-06-28,42373.4,14:40,923.5,42773.8,14:40,927.7,413.3,310.4,44.4,0,36.7,47.1,35.9,40.1,33.4,2.3
2025-06-29,37583.8,19:00,803.0,37583.8,19:00,825.0,338.6,296.4,38.1,0,38.9,43.4,17.2,39.3,27.8,2.6
2025-06-30,43821.2,15:35,925.9,44147.5,15:35,931.2,406.1,328.0,40.2,0,33.5,47.3,39.1,44.4,28.9,2.7
2025-07-01,43793.8,15:40,926.8,44109.4,15:40,932.0,426.8,323.1,49.9,0,27.1,39.0,31.0,36.3,27.1,2.8
2025-07-02,44225.2,15:25,916.2,44577.1,15:25,937.9,428.6,315.3,58.0,0,22.4,42.5,16.5,38.2,29.4,3.5
2025-07-03,44169.0,15:50,914.6,44462.7,15:50,935.7,439.0,298.4,56.0,0,28.4,44.2,15.8,36.9,29.1,3.7
2025-07-04,45225.8,15:50,922.5,45520.1,15:50,945.9,439.9,306.9,53.4,0,28.2,44.6,18.1,41.5,27.8,3.7
2025-07-05,44490.9,14:45,929.3,45030.3,14:45,951.5,450.3,302.9,50.3,0,33.6,44.6,16.9,39.1,27.2,3.4
2025-07-06,38628.9,21:40,848.9,38628.9,21:40,871.3,399.2,282.1,45.5,0,36.9,43.1,16.1,38.4,22.9,3.2
2025-07-07,46416.4,14:35,941.4,46793.4,14:35,962.7,427.7,324.9,50.6,0,38.2,46.3,16.7,38.0,33.7,3.1
2025-07-08,48048.2,14:25,995.6,48441.0,14:25,1019.1,431.8,351.3,55.5,0,52.0,49.5,18.9,42.4,33.3,3.1
2025-07-09,50524.3,13:55,1032.3,50986.0,13:30,1054.7,420.4,371.7,73.5,0,62.6,46.1,17.8,40.3,37.1,3.1
2025-07-10,48817.3,14:10,1005.7,49239.8,14:10,1029.2,411.8,359.4,60.8,0,66.3,47.5,18.9,42.4,37.9,3.1
2025-07-11,45973.8,14:30,967.8,46356.7,14:30,988.9,414.7,338.9,49.3,0,62.9,45.8,16.6,37.8,36.7,2.8
2025-07-12,45236.6,14:30,936.5,45782.8,13:40,960.4,425.9,335.4,41.9,0,31.7,47.7,18.5,42.4,32.7,2.8
2025-07-13,40201.6,21:30,852.0,40201.6,21:30,880.2,378.4,322.2,40.6,0,23.4,45.7,11.2,39.5,27.6,2.8
2025-07-14,47623.8,13:35,961.3,48107.7,13:35,982.8,434.7,356.6,47.6,0,23.5,47.8,17.0,38.5,31.4,2.8
2025-07-15,47606.3,14:30,985.4,47994.1,14:30,1007.5,444.2,357.0,51.6,0,34.2,47.0,17.7,39.8,31.0,2.9
2025-07-16,47668.6,13:45,996.9,48138.6,13:40,1017.6,437.5,362.4,51.9,0.4,47.6,45.7,16.2,36.9,32.2,3.1
2025-07-17,49158.4,14:20,1012.1,49602.1,13:50,1033.0,446.4,373.4,58.7,0,33.6,47.5,16.6,37.5,32.7,3.2
2025-07-18,50044.4,14:25,1046.1,50442.9,14:25,1065.6,442.1,383.5,74.6,0.1,50.8,41.4,15.1,34.6,35.3,3.2
2025-07-19,47756.3,13:40,988.4,48318.8,13:35,993.4,403.9,351.1,66.6,0,65.5,38.6,26.7,31.7,32.7,3.2
2025-07-20,36989.8,19:10,813.5,36989.8,19:10,828.4,333.6,285.3,43.6,0,77.5,33.4,10.0,24.9,26.9,3.1
2025-07-21,43425.3,16:15,886.9,43706.2,16:15,904.1,344.7,308.2,48.3,0,96.6,38.0,12.0,29.2,36.0,3.0
2025-07-22,41548.5,16:15,863.2,41837.6,16:15,883.4,330.2,295.8,51.3,0,93.4,40.3,15.1,35.3,34.0,3.1
2025-07-23,45855.6,14:25,934.6,46387.2,14:25,958.0,410.5,299.3,53.2,0,70.5,46.1,18.1,41.5,33.8,3.0
2025-07-24,45253.1,14:25,966.0,45787.2,14:25,971.2,432.1,312.8,53.8,0,63.0,34.4,28.9,34.1,38.0,3.0
2025-07-25,46225.2,15:40,955.8,46597.9,15:40,978.3,440.1,308.4,54.4,0,55.9,41.7,17.2,39.7,35.1,3.0
2025-07-26,44634.0,14:40,931.5,45124.9,14:40,950.2,444.2,295.0,46.2,0,59.0,35.0,13.2,31.9,35.7,3.1
2025-07-27,38268.8,21:40,848.2,38268.8,21:40,864.6,400.1,251.0,45.2,0,70.1,35.9,10.3,26.8,32.5,3.0
2025-07-28,47196.9,14:40,952.4,47593.6,14:40,971.5,427.3,295.1,56.0,0,75.1,42.0,14.6,33.7,39.3,3.0
2025-07-29,51042.4,14:10,1030.8,51496.2,14:10,1051.8,441.7,342.4,57.2,0,88.6,40.7,16.6,37.7,40.6,3.0
2025-07-30,51703.8,14:20,1048.5,52139.2,14:20,1069.8,434.7,375.4,55.0,0,81.4,44.2,16.9,38.2,37.9,3.1
2025-07-31,48732.3,14:10,1006.6,49186.0,14:10,1029.2,393.2,372.8,71.6,0,67.7,44.3,18.2,40.9,35.5,3.1
2025-08-01,49171.5,14:10,1004.6,49633.3,13:45,1030.1,396.9,373.0,55.2,0,66.3,50.6,21.0,46.4,38.5,3.2
2025-08-02,49788.5,13:40,1010.4,50224.4,13:40,1038.9,407.3,390.9,47.3,0,53.5,53.2,20.0,48.5,35.0,3.2
2025-08-03,46161.0,21:55,947.3,46161.0,21:55,984.1,369.4,365.4,54.6,0,53.5,52.2,12.5,49.3,36.5,3.2
2025-08-04,54370.0,14:10,1083.8,54939.3,13:30,1111.6,431.4,419.3,69.9,0.3,46.9,53.9,23.1,50.8,35.9,3.1
2025-08-05,53305.3,13:25,1082.2,53880.0,13:25,1108.4,425.6,401.6,97.1,0,43.5,52.3,21.6,47.8,37.4,3.1
2025-08-06,48181.0,14:10,1006.4,48711.4,14:10,1030.5,425.9,374.3,74.4,0,26.5,49.4,19.4,43.5,33.4,3.1
2025-08-07,49222.9,14:25,993.2,49729.6,14:25,1020.2,405.6,398.6,61.3,0,16.5,53.5,22.4,49.4,32.2,3.2
2025-08-08,51271.0,14:20,1029.5,51792.5,13:45,1054.9,432.8,419.2,58.8,0,12.6,49.9,20.6,46.0,32.3,3.2
2025-08-09,50582.4,13:25,1040.3,51133.1,13:25,1045.0,432.7,426.6,45.4,0,20.5,44.6,35.4,40.1,31.9,3.0
2025-08-10,41333.7,21:20,900.8,43198.3,12:55,934.0,368.1,372.3,36.4,0,23.9,51.6,15.9,49.1,29.6,3.1
2025-08-11,49631.2,14:30,1010.2,50655.5,13:50,1012.7,415.9,406.6,41.8,0,29.3,50.0,33.9,36.4,29.6,3.1
2025-08-12,49570.3,14:45,1026.7,51204.9,13:40,1055.7,431.0,415.2,57.0,0,20.8,51.0,17.4,46.4,31.3,3.0
2025-08-13,49418.6,15:10,1026.5,49804.8,15:10,1052.2,444.7,403.9,57.1,0,24.0,45.5,17.1,42.8,30.9,3.2
2025-08-14,48522.3,14:30,1014.8,49153.2,14:10,1040.3,440.7,402.7,52.3,0,22.8,46.5,16.0,41.4,31.0,3.0
2025-08-15,45005.8,15:50,948.3,45308.9,15:50,967.4,428.7,367.9,35.6,0,24.5,44.3,14.1,33.1,30.3,3.0
2025-08-16,41380.4,16:00,892.6,41779.8,10:25,910.6,417.8,336.8,30.0,0,28.5,36.2,11.8,29.8,28.6,2.9
2025-08-17,37922.2,18:25,793.5,37932.2,18:25,815.7,353.1,309.7,23.5,0,29.6,35.0,12.5,34.6,27.8,2.3
2025-08-18,44757.2,15:40,878.8,45225.3,15:40,902.6,375.7,341.2,40.7,0,30.6,46.7,14.2,38.0,27.3,2.4
2025-08-19,45604.3,16:20,925.4,45955.0,15:30,955.9,403.8,357.6,41.9,0,20.2,51.7,17.2,47.7,29.9,3.0
2025-08-20,47573.8,15:45,962.6,48065.1,14:30,991.5,451.4,351.2,50.6,0,10.1,50.0,16.1,45.0,30.4,2.9
2025-08-21,44072.3,15:35,935.6,44557.9,15:35,952.4,454.0,329.4,65.1,0,12.7,30.6,10.9,27.6,30.0,2.9
2025-08-22,45573.1,14:35,935.6,46165.7,14:35,963.9,443.8,328.4,48.8,0,13.4,51.7,16.1,44.3,30.4,3.0
2025-08-23,44024.2,14:45,921.8,44476.1,14:45,945.3,443.6,341.8,21.5,0,17.5,49.9,14.3,37.8,30.3,3.0
2025-08-24,37811.9,18:25,831.7,38156.8,10:40,853.2,389.7,289.1,18.0,0,48.8,38.9,11.2,32.8,33.0,3.0
2025-08-25,42247.0,16:10,860.9,42568.1,15:50,877.5,376.0,303.0,24.5,0,72.4,34.7,10.4,26.9,37.0,2.9
2025-08-26,43570.0,18:25,864.8,43586.7,18:25,886.1,376.4,318.8,31.3,0,45.1,43.8,12.1,33.4,34.2,3.0
2025-08-27,44172.4,18:30,900.5,44175.9,18:30,924.0,434.2,328.2,31.7,0,22.9,42.0,13.4,36.9,25.3,3.0
2025-08-28,45282.4,15:35,915.9,45705.0,15:35,942.7,431.4,324.4,44.3,0,27.2,44.8,14.5,41.3,26.3,2.9
2025-08-29,43575.7,16:15,908.9,44067.2,14:45,927.5,437.6,314.0,41.9,0,35.6,36.5,11.9,30.5,28.5,3.0
2025-08-30,40312.6,16:00,843.9,40554.9,16:00,860.7,404.6,276.9,37.1,0,43.6,34.8,10.7,27.6,32.9,3.2
2025-08-31,35551.7,18:35,737.7,35554.7,18:35,763.4,368.7,230.5,33.1,0,19.8,39.5,13.0,38.7,29.7,3.4
2025-09-01,31648.2,18:50,651.8,31650.8,18:50,675.4,320.5,214.8,26.4,0,18.5,27.5,12.4,36.0,28.4,3.3
2025-09-02,32597.3,18:35,627.3,32602.5,18:35,654.6,322.7,213.6,21.2,0,11.6,17.1,8.9,36.2,28.8,3.4
2025-09-03,44498.1,15:25,855.5,44878.0,15:25,878.9,415.2,291.2,31.3,0,17.0,47.8,17.9,41.3,31.7,3.4
2025-09-04,47155.7,13:50,961.6,47786.3,13:45,985.6,450.2,351.6,46.4,0,14.3,45.8,18.5,42.6,31.7,3.2
2025-09-05,48664.9,14:15,985.9,49257.7,14:15,1010.5,437.9,373.9,55.7,0,17.4,48.8,19.1,43.8,30.0,3.0
2025-09-06,46949.5,14:20,976.2,47697.7,14:20,996.9,449.2,357.2,61.5,0,21.1,39.1,14.1,34.8,31.2,2.7
2025-09-07,40460.2,21:35,887.6,40460.2,21:35,904.0,433.2,316.3,35.1,0,26.7,32.7,10.0,26.4,30.9,2.7
2025-09-08,47172.7,14:15,965.4,47723.0,13:35,986.5,429.9,359.3,49.8,0,29.9,44.6,15.9,37.0,33.3,2.7
2025-09-09,44976.9,10:55,964.3,45671.7,10:55,988.8,446.7,347.7,46.4,0,22.5,50.2,16.6,41.1,31.2,3.0
2025-09-10,46367.9,14:20,956.5,46869.2,14:20,985.1,434.2,341.6,68.7,0,9.8,51.3,18.1,46.7,29.6,3.2
2025-09-11,46528.6,14:15,955.6,47031.5,14:15,983.1,437.0,329.4,75.5,0,9.1,52.0,17.7,45.2,31.7,3.3
2025-09-12,45991.0,15:35,953.3,46309.4,15:35,975.1,456.6,318.6,78.0,0,12.6,35.6,15.8,37.6,32.9,3.2
2025-09-13,46006.0,14:35,942.1,46552.1,14:35,964.5,435.0,349.5,54.4,0,8.6,42.9,16.3,38.8,32.2,3.1
2025-09-14,39557.7,18:20,851.5,39563.3,18:20,875.2,407.6,288.3,56.2,0,7.5,43.8,13.3,37.0,31.6,3.1
2025-09-15,45680.6,15:45,937.1,46107.7,15:25,964.9,432.3,348.9,47.8,0,8.6,47.5,16.2,44.0,32.7,3.1
2025-09-16,45345.3,15:55,968.7,46126.3,13:15,971.4,424.9,364.9,51.1,0,13.3,48.6,31.6,34.3,31.2,3.1
2025-09-17,44354.3,18:25,945.1,44665.2,15:35,964.8,415.8,372.2,48.4,0,18.5,39.7,13.6,33.4,33.8,3.1
2025-09-18,45163.3,14:35,937.2,45687.5,14:30,958.4,419.5,350.8,49.4,0,27.2,39.6,14.2,35.4,33.3,3.1
2025-09-19,45410.6,14:35,941.0,45932.4,14:35,962.1,429.2,346.2,50.3,0,26.6,39.8,14.3,35.4,31.5,3.1
2025-09-20,46459.8,14:55,947.4,47035.6,14:15,975.6,430.8,354.2,41.0,0,18.6,50.9,18.4,46.5,30.5,3.1
2025-09-21,39684.5,18:20,865.8,39843.1,13:00,886.5,405.0,310.9,40.4,0,23.0,38.8,13.9,34.6,30.6,3.1
2025-09-22,44567.5,18:15,921.8,44579.7,18:15,926.5,432.0,331.8,53.6,0,25.0,28.7,17.3,21.9,30.3,3.1
2025-09-23,45435.8,18:20,936.6,45442.4,18:20,954.9,432.7,316.8,70.8,0,37.4,31.8,13.4,31.6,30.7,3.1
2025-09-24,46019.8,14:30,952.8,46499.3,14:30,973.9,432.6,319.7,52.7,0,50.3,44.2,16.1,37.2,34.0,3.1
2025-09-25,45061.9,18:10,924.8,45072.4,18:10,943.9,432.4,306.2,53.8,0,42.5,40.5,14.2,33.4,32.1,3.1
2025-09-26,44918.8,18:00,905.7,44932.5,18:00,919.8,445.8,298.0,59.4,0,27.8,30.4,9.2,23.4,31.9,3.1
2025-09-27,42319.1,18:10,882.9,42404.5,14:45,896.2,442.8,275.2,51.6,0,38.8,27.3,8.5,21.8,35.6,3.1
2025-09-28,37998.4,18:00,776.5,38009.3,17:55,790.8,365.9,251.3,34.0,0,54.5,22.5,9.2,23.5,35.9,3.1
2025-09-29,42339.7,17:50,826.5,42366.4,17:50,830.0,401.2,272.9,46.8,0,26.2,25.7,22.5,26.0,28.1,3.1
2025-09-30,43317.4,17:50,853.7,43346.3,17:50,876.2,419.1,286.6,47.7,0,12.3,40.1,13.9,36.3,30.9,3.1
2025-10-01,44657.5,18:20,874.4,44660.2,18:20,903.0,426.8,297.6,46.6,0,8.5,45.6,15.5,44.1,30.7,3.1
2025-10-02,45188.9,18:20,901.3,45197.0,18:20,926.4,436.6,294.9,51.8,0,13.1,51.1,15.4,40.6,35.4,3.0
2025-10-03,45105.4,14:40,925.1,45582.4,14:15,951.2,477.8,289.4,52.8,0,9.9,43.1,15.7,41.8,33.3,3.0
2025-10-04,43805.4,15:25,905.6,44615.9,14:20,935.0,487.7,273.1,49.3,0,9.7,37.9,13.4,42.8,31.4,3.0
2025-10-05,39391.6,18:20,830.7,39398.6,18:20,853.2,453.1,248.6,54.3,0,14.6,8.6,16.0,38.6,32.5,3.0
2025-10-06,45328.5,17:55,906.7,45353.7,17:55,908.8,435.2,278.8,54.4,0,25.3,44.6,31.3,33.4,34.0,3.0
2025-10-07,45470.2,17:55,904.5,45481.5,17:55,931.3,466.1,273.6,70.3,0,13.1,33.0,14.7,41.6,30.5,3.0
2025-10-08,45517.5,17:55,905.1,45546.4,17:55,932.0,459.8,275.6,54.9,0,24.7,37.2,15.4,42.2,34.5,3.0
2025-10-09,45570.9,18:20,913.1,45573.8,18:20,935.4,467.0,290.9,54.6,0,15.7,32.8,14.6,36.9,34.4,3.0
2025-10-10,44858.1,18:10,920.3,44870.3,18:10,942.3,464.0,295.9,54.5,0,13.2,39.6,14.3,36.3,35.9,2.9
2025-10-11,42394.4,18:00,893.4,42407.4,18:00,911.3,476.3,277.9,50.5,0,11.1,28.1,12.2,30.1,34.4,3.0
2025-10-12,39130.0,18:15,797.6,39135.5,18:15,817.3,434.4,244.0,45.0,0,10.8,16.8,11.1,30.7,32.5,2.9
2025-10-13,46010.2,17:50,892.6,46037.1,17:50,911.7,452.3,277.4,60.8,0,12.3,40.3,12.2,31.3,34.4,2.9
2025-10-14,46769.7,17:55,910.6,46791.9,17:55,934.6,433.2,314.5,63.0,0,7.9,43.4,14.1,38.0,31.5,3.0
2025-10-15,46720.8,17:55,910.2,46742.1,17:55,930.9,413.9,296.0,61.7,0,40.1,45.3,12.7,33.5,37.4,3.0
2025-10-16,46445.8,17:55,928.9,46466.8,17:55,931.7,423.7,304.1,50.6,0,54.7,25.5,24.6,27.4,42.8,3.0
2025-10-17,46014.6,18:00,922.2,46029.7,18:00,941.6,395.9,309.4,48.2,0,65.8,42.1,12.6,32.0,45.2,3.0
2025-10-18,43269.6,14:25,896.3,43877.1,14:25,919.4,404.4,298.0,48.3,0,44.3,39.7,13.6,36.8,44.9,3.0
2025-10-19,39669.3,18:10,800.7,39672.0,18:10,830.5,358.7,275.0,39.8,0,40.7,27.5,12.5,42.3,43.6,2.9
2025-10-20,46092.9,17:55,893.6,46102.1,17:55,916.6,399.6,301.6,58.2,0,39.8,33.6,13.4,36.4,44.5,2.8
2025-10-21,46676.9,17:50,907.9,46688.0,17:50,927.5,421.8,304.0,63.9,0,27.1,35.6,12.4,31.9,40.1,3.0
2025-10-22,46003.6,17:55,884.4,46016.2,17:55,904.7,397.1,310.8,61.0,0,22.7,36.3,13.1,33.4,40.5,3.0
2025-10-23,45249.8,18:00,868.7,45251.4,18:00,890.6,370.6,311.3,58.3,0,38.6,33.7,13.1,35.0,40.2,3.0
2025-10-24,45049.1,17:55,866.8,45053.8,17:55,883.8,347.4,305.0,63.4,0,59.5,31.8,10.5,27.5,46.3,3.0
2025-10-25,43355.1,17:55,841.3,43361.0,17:55,852.9,352.5,292.2,67.2,0,51.5,21.1,6.8,18.3,47.2,3.0
2025-10-26,39603.0,17:55,752.3,39619.8,17:55,768.8,304.3,274.3,63.2,0,32.3,22.7,8.1,24.6,44.3,3.0
2025-10-27,46139.1,17:55,840.5,46145.3,17:55,858.4,359.1,297.1,57.2,0.1,31.8,37.4,10.1,28.0,44.6,3.0
2025-10-28,46105.7,17:50,865.8,46125.0,17:50,878.4,374.7,300.0,66.3,0,38.6,30.5,7.1,19.7,45.6,3.0
2025-10-29,45011.6,17:50,865.7,45029.9,17:50,879.4,365.6,302.4,71.4,0,40.2,26.9,8.1,21.7,48.5,2.6
2025-10-30,45527.9,17:50,875.1,45545.6,17:50,880.2,364.7,314.3,75.0,0,33.2,26.2,15.5,20.6,43.5,2.7
2025-10-31,45062.5,17:45,865.7,45076.3,17:45,885.4,365.3,331.4,62.3,0,19.5,34.9,11.2,31.0,38.5,2.5
2025-11-01,42610.4,17:35,830.3,42626.9,17:35,845.1,347.2,318.7,51.8,0,27.4,29.7,8.3,23.1,44.7,2.4
2025-11-02,39656.4,17:45,737.1,39673.4,17:45,754.6,324.0,282.7,54.6,0,19.1,7.1,8.8,26.3,38.4,2.4
2025-11-03,46071.5,17:45,824.3,46091.3,17:45,840.8,349.9,310.7,64.7,0,23.4,25.6,9.9,26.4,37.6,2.4
2025-11-04,46816.4,17:45,851.8,46837.4,17:45,873.7,373.3,322.4,63.2,0,21.8,19.7,11.9,33.8,37.1,2.4
2025-11-05,46484.1,17:55,857.3,46499.0,17:55,877.7,377.7,339.3,64.0,0.1,15.7,13.5,11.3,31.7,33.2,2.4
2025-11-06,45245.8,17:50,863.8,45260.2,17:50,873.2,359.4,345.8,71.5,0,34.9,8.4,4.1,13.6,37.2,2.4
2025-11-07,45657.6,17:45,855.2,45675.9,17:45,872.5,353.3,317.4,75.6,0,34.7,21.4,10.4,27.7,39.9,2.4
2025-11-08,44528.7,17:45,849.2,44561.5,17:45,872.3,388.6,298.4,71.8,0,9.0,31.0,14.1,37.2,33.9,2.4
2025-11-09,40380.7,17:50,772.0,40389.6,17:50,796.2,335.0,293.3,61.9,0,12.3,26.9,11.0,35.2,29.1,2.4
2025-11-10,46777.2,17:45,851.8,46797.3,17:45,870.3,386.8,296.7,85.7,0,9.2,28.8,12.3,30.7,30.0,2.3
2025-11-11,46777.2,17:45,851.8,46797.3,17:45,870.3,386.8,296.7,85.7,0,9.2,28.8,12.3,30.7,30.0,2.3
